candidate,type,country,connected_suspect_count,connected_suspects,min_distance_to_suspect,degree,edge_count,vessel_links,company_links,organization_links,ownership_edges,membership_edges,high_weight_edges,keyword_neighbors,path_examples,fishhook_anomaly_score,component_id,component_size,component_vessel_ratio,vessel_ratio_delta,family_edges_1_2_hop,political_nodes_1_2_hop,short_cycle_count,connected_suspect_count_fishhook,min_suspect_distance,vessel_links_fishhook,ownership_edges_fishhook,membership_edges_fishhook,high_weight_edges_fishhook,cycle_examples,suspect_path_examples
Ocean Fisheries Llc,unknown,,4,Mar de la Vida OJSC; 979893388; Oceanfront Oasis Inc Carriers; 8327,1,241,400,11,10,83,96,168,64,12,"979893388 -> Ocean Fisheries Llc [family_relationship, ownership]; Mar de la Vida OJSC -> âHe -> Ocean Fisheries Llc [membership -> membership]; Oceanfront Oasis Inc Carriers -> 979893388 -> Ocean Fisheries Llc [ownership -> family_relationship, ownership]",519.909,0,3151,0.0336,0.0001,1455,74,12,4,1,11,96,168,64,Ocean Fisheries Llc -> png xi  Line -> SeaSpray Wave SRL Solutions -> Ocean Fisheries Llc; Ocean Fisheries Llc -> png xi  Line -> SeaSpray Wave SRL Solutions -> 903311212 -> Ocean Fisheries Llc; Ocean Fisheries Llc -> png xi  Line -> SeaSpray Wave SRL Solutions -> Ocean Fisheries Llc,Ocean Fisheries Llc -> âHe -> Mar de la Vida OJSC; Ocean Fisheries Llc -> 979893388; Ocean Fisheries Llc -> 979893388 -> Oceanfront Oasis Inc Carriers
png xi  Line,company,Country_628643,4,Mar de la Vida OJSC; 979893388; Oceanfront Oasis Inc Carriers; 8327,1,249,399,10,8,86,93,148,60,12,"979893388 -> png xi  Line [family_relationship, membership]; Mar de la Vida OJSC -> b8567859-bf54-49fd-8332-5775e19c65af -> png xi  Line [family_relationship -> partnership]; Oceanfront Oasis Inc Carriers -> 979893388 -> png xi  Line [ownership -> family_relationship, membership]",514.509,0,3151,0.0336,0.0001,1554,74,12,4,1,10,93,148,60,png xi  Line -> Kariba Dam  Corporation Nautical -> 6 -> png xi  Line; png xi  Line -> SeaSpray Wave SRL Solutions -> Ocean Fisheries Llc -> png xi  Line; png xi  Line -> SeaSpray Wave SRL Solutions -> Ocean Fisheries Llc -> png xi  Line,png xi  Line -> b8567859-bf54-49fd-8332-5775e19c65af -> Mar de la Vida OJSC; png xi  Line -> 979893388; png xi  Line -> 979893388 -> Oceanfront Oasis Inc Carriers
SeaSpray Wave SRL Solutions,unknown,,4,Mar de la Vida OJSC; 979893388; Oceanfront Oasis Inc Carriers; 8327,1,233,391,9,8,75,98,156,62,9,"979893388 -> SeaSpray Wave SRL Solutions [family_relationship, membership]; Mar de la Vida OJSC -> b8567859-bf54-49fd-8332-5775e19c65af -> SeaSpray Wave SRL Solutions [family_relationship -> family_relationship, membership, partnership]; Oceanfront Oasis Inc Carriers -> 979893388 -> SeaSpray Wave SRL Solutions [ownership -> family_relationship, membership]",504.309,0,3151,0.0336,0.0001,1501,73,10,4,1,9,98,156,62,SeaSpray Wave SRL Solutions -> Ocean Fisheries Llc -> png xi  Line -> SeaSpray Wave SRL Solutions; SeaSpray Wave SRL Solutions -> Ocean Fisheries Llc -> png xi  Line -> SeaSpray Wave SRL Solutions; SeaSpray Wave SRL Solutions -> Ocean Fisheries Llc -> Jeremy Norris -> SeaSpray Wave SRL Solutions,SeaSpray Wave SRL Solutions -> b8567859-bf54-49fd-8332-5775e19c65af -> Mar de la Vida OJSC; SeaSpray Wave SRL Solutions -> 979893388; SeaSpray Wave SRL Solutions -> 979893388 -> Oceanfront Oasis Inc Carriers
903311212,organization,,4,Mar de la Vida OJSC; 979893388; Oceanfront Oasis Inc Carriers; 8327,1,234,390,12,10,84,85,168,70,11,"979893388 -> 903311212 [family_relationship, membership]; Mar de la Vida OJSC -> FishEye International -> 903311212 [membership -> ownership]; Oceanfront Oasis Inc Carriers -> FishEye International -> 903311212 [membership -> ownership]",497.309,0,3151,0.0336,0.0001,1378,68,11,4,1,12,85,168,70,903311212 -> Mar del Oeste Pic -> 55394387 -> 762165 -> 903311212; 903311212 -> Mar del Oeste Pic -> 55394387 -> 762165 -> 903311212; 903311212 -> Ocean Fisheries Llc -> png xi  Line -> SeaSpray Wave SRL Solutions -> 903311212,903311212 -> FishEye International -> Mar de la Vida OJSC; 903311212 -> 979893388; 903311212 -> FishEye International -> Oceanfront Oasis Inc Carriers
Mar del Oeste Pic,company,Vesperlandia,4,Mar de la Vida OJSC; 979893388; Oceanfront Oasis Inc Carriers; 8327,1,225,356,9,7,81,79,150,67,7,"979893388 -> Mar del Oeste Pic [family_relationship, membership, ownership]; Mar de la Vida OJSC -> Ancla Azul Company Solutions -> Mar del Oeste Pic [membership -> family_relationship]; Oceanfront Oasis Inc Carriers -> 8787 -> Mar del Oeste Pic [family_relationship -> membership]",444.009,0,3151,0.0336,0.0001,1426,75,2,4,1,9,79,150,67,Mar del Oeste Pic -> 55394387 -> 762165 -> 903311212 -> Mar del Oeste Pic; Mar del Oeste Pic -> 55394387 -> 762165 -> 903311212 -> Mar del Oeste Pic,Mar del Oeste Pic -> b8567859-bf54-49fd-8332-5775e19c65af -> Mar de la Vida OJSC; Mar del Oeste Pic -> 979893388; Mar del Oeste Pic -> 8787 -> Oceanfront Oasis Inc Carriers
341411,organization,,3,Mar de la Vida OJSC; 979893388; 8327,2,192,247,4,11,60,38,82,65,12,"Mar de la Vida OJSC -> b8567859-bf54-49fd-8332-5775e19c65af -> 341411 [family_relationship -> family_relationship, membership]; 8327 -> 160 -> 341411 [membership -> membership]; 979893388 -> Faroe Islands Shrimp Shark -> 341411 [family_relationship, partnership -> family_relationship, membership, partnership]",342.609,0,3151,0.0336,0.0001,1415,62,0,4,2,4,38,82,65,,341411 -> b8567859-bf54-49fd-8332-5775e19c65af -> Mar de la Vida OJSC; 341411 -> Faroe Islands Shrimp Shark -> 979893388; 341411 -> Faroe Islands Shrimp Shark -> 979893388 -> Oceanfront Oasis Inc Carriers
Faroe Islands Shrimp Shark,company,Rio Isla,3,Mar de la Vida OJSC; 979893388; Oceanfront Oasis Inc Carriers,1,164,208,3,5,77,28,60,48,8,"979893388 -> Faroe Islands Shrimp Shark [family_relationship, partnership]; Mar de la Vida OJSC -> Ancla Azul Company Solutions -> Faroe Islands Shrimp Shark [membership -> family_relationship]; Oceanfront Oasis Inc Carriers -> 979893388 -> Faroe Islands Shrimp Shark [ownership -> family_relationship, partnership]",330.009,0,3151,0.0336,0.0001,1340,63,3,4,1,3,28,60,48,Faroe Islands Shrimp Shark -> 34 -> Sonia Fisheries Pvt -> b8567859-bf54-49fd-8332-5775e19c65af -> Faroe Islands Shrimp Shark; Faroe Islands Shrimp Shark -> 34 -> Dana Goodwin -> 19 -> Faroe Islands Shrimp Shark; Faroe Islands Shrimp Shark -> 34 -> Dana Goodwin -> Faroe Islands Shrimp Shark,Faroe Islands Shrimp Shark -> b8567859-bf54-49fd-8332-5775e19c65af -> Mar de la Vida OJSC; Faroe Islands Shrimp Shark -> 979893388; Faroe Islands Shrimp Shark -> 979893388 -> Oceanfront Oasis Inc Carriers
Playa del Cielo Kga,company,Rio Isla,4,Mar de la Vida OJSC; 979893388; Oceanfront Oasis Inc Carriers; 8327,2,138,174,4,8,26,53,64,49,6,"Mar de la Vida OJSC -> b8567859-bf54-49fd-8332-5775e19c65af -> Playa del Cielo Kga [family_relationship -> family_relationship, membership]; Oceanfront Oasis Inc Carriers -> 2262 -> Playa del Cielo Kga [family_relationship -> family_relationship, membership]; 8327 -> 160 -> Playa del Cielo Kga [membership -> ownership]",308.809,0,3151,0.0336,0.0001,1220,46,1,4,2,4,53,64,49,Playa del Cielo Kga -> periods years -> Playa del Cielo Kga,Playa del Cielo Kga -> b8567859-bf54-49fd-8332-5775e19c65af -> Mar de la Vida OJSC; Playa del Cielo Kga -> Faroe Islands Shrimp Shark -> 979893388; Playa del Cielo Kga -> 2262 -> Oceanfront Oasis Inc Carriers
b8567859-bf54-49fd-8332-5775e19c65af,location,,4,Mar de la Vida OJSC; 979893388; Oceanfront Oasis Inc Carriers; 8327,1,106,122,7,7,46,9,42,29,6,Mar de la Vida OJSC -> b8567859-bf54-49fd-8332-5775e19c65af [family_relationship]; 979893388 -> b8567859-bf54-49fd-8332-5775e19c65af [family_relationship]; Oceanfront Oasis Inc Carriers -> 979893388 -> b8567859-bf54-49fd-8332-5775e19c65af [ownership -> family_relationship],282.409,0,3151,0.0336,0.0001,1184,61,1,4,1,7,9,42,29,b8567859-bf54-49fd-8332-5775e19c65af -> Faroe Islands Shrimp Shark -> 34 -> Sonia Fisheries Pvt -> b8567859-bf54-49fd-8332-5775e19c65af,b8567859-bf54-49fd-8332-5775e19c65af -> Mar de la Vida OJSC; b8567859-bf54-49fd-8332-5775e19c65af -> 979893388; b8567859-bf54-49fd-8332-5775e19c65af -> 979893388 -> Oceanfront Oasis Inc Carriers
Sonia Fisheries Pvt,unknown,,4,Mar de la Vida OJSC; 979893388; Oceanfront Oasis Inc Carriers; 8327,1,97,108,2,5,45,29,42,24,6,"979893388 -> Sonia Fisheries Pvt [family_relationship]; Mar de la Vida OJSC -> b8567859-bf54-49fd-8332-5775e19c65af -> Sonia Fisheries Pvt [family_relationship -> family_relationship, membership, partnership]; Oceanfront Oasis Inc Carriers -> 8787 -> Sonia Fisheries Pvt [family_relationship -> membership]",277.709,0,3151,0.0336,0.0001,1112,46,4,4,1,2,29,42,24,Sonia Fisheries Pvt -> b8567859-bf54-49fd-8332-5775e19c65af -> Faroe Islands Shrimp Shark -> 34 -> Sonia Fisheries Pvt; Sonia Fisheries Pvt -> April -> Sonia Fisheries Pvt; Sonia Fisheries Pvt -> McLeanâs -> ffc679cd-57ac-4846-b023-8be73ca754fa -> Sonia Fisheries Pvt,Sonia Fisheries Pvt -> b8567859-bf54-49fd-8332-5775e19c65af -> Mar de la Vida OJSC; Sonia Fisheries Pvt -> 979893388; Sonia Fisheries Pvt -> 8787 -> Oceanfront Oasis Inc Carriers
c01c6a10-60c9-4f11-9409-aa04c3963826,location,,2,979893388; Oceanfront Oasis Inc Carriers,1,47,65,0,2,16,25,12,41,2,979893388 -> c01c6a10-60c9-4f11-9409-aa04c3963826 [partnership]; Oceanfront Oasis Inc Carriers -> 979893388 -> c01c6a10-60c9-4f11-9409-aa04c3963826 [ownership -> partnership],251.809,0,3151,0.0336,0.0001,760,27,13,4,1,0,25,12,41,c01c6a10-60c9-4f11-9409-aa04c3963826 -> Luis Jones -> 17232 -> 57 -> c01c6a10-60c9-4f11-9409-aa04c3963826; c01c6a10-60c9-4f11-9409-aa04c3963826 -> Luis Jones -> 57 -> 51 -> c01c6a10-60c9-4f11-9409-aa04c3963826; c01c6a10-60c9-4f11-9409-aa04c3963826 -> Luis Jones -> 57 -> Ms. Stephanie Rivera DDS -> c01c6a10-60c9-4f11-9409-aa04c3963826,c01c6a10-60c9-4f11-9409-aa04c3963826 -> Faroe Islands Shrimp Shark -> b8567859-bf54-49fd-8332-5775e19c65af -> Mar de la Vida OJSC; c01c6a10-60c9-4f11-9409-aa04c3963826 -> 979893388; c01c6a10-60c9-4f11-9409-aa04c3963826 -> 979893388 -> Oceanfront Oasis Inc Carriers
ad8fe467-3759-4f53-bf6a-896a237d187f,location,,2,979893388; Oceanfront Oasis Inc Carriers,1,31,35,1,6,3,6,16,16,6,979893388 -> ad8fe467-3759-4f53-bf6a-896a237d187f [family_relationship]; Oceanfront Oasis Inc Carriers -> 979893388 -> ad8fe467-3759-4f53-bf6a-896a237d187f [ownership -> family_relationship],251.509,0,3151,0.0336,0.0001,895,35,12,4,1,1,6,16,16,ad8fe467-3759-4f53-bf6a-896a237d187f -> days -> Benton Ltd. Liability Co -> 90 -> ad8fe467-3759-4f53-bf6a-896a237d187f; ad8fe467-3759-4f53-bf6a-896a237d187f -> days -> sh rn y Corporation -> 90 -> ad8fe467-3759-4f53-bf6a-896a237d187f; ad8fe467-3759-4f53-bf6a-896a237d187f -> days -> ninety -> 90 -> ad8fe467-3759-4f53-bf6a-896a237d187f,ad8fe467-3759-4f53-bf6a-896a237d187f -> Faroe Islands Shrimp Shark -> b8567859-bf54-49fd-8332-5775e19c65af -> Mar de la Vida OJSC; ad8fe467-3759-4f53-bf6a-896a237d187f -> 979893388; ad8fe467-3759-4f53-bf6a-896a237d187f -> 979893388 -> Oceanfront Oasis Inc Carriers
Amanda Mckenzie,person,Oceanus,4,Mar de la Vida OJSC; 979893388; Oceanfront Oasis Inc Carriers; 8327,1,85,100,2,4,21,10,22,36,4,979893388 -> Amanda Mckenzie [membership]; Mar de la Vida OJSC -> b8567859-bf54-49fd-8332-5775e19c65af -> Amanda Mckenzie [family_relationship -> partnership]; Oceanfront Oasis Inc Carriers -> 979893388 -> Amanda Mckenzie [ownership -> membership],250.009,0,3151,0.0336,0.0001,1222,47,0,4,1,2,10,22,36,,Amanda Mckenzie -> b8567859-bf54-49fd-8332-5775e19c65af -> Mar de la Vida OJSC; Amanda Mckenzie -> 979893388; Amanda Mckenzie -> 979893388 -> Oceanfront Oasis Inc Carriers
160,organization,,2,979893388; 8327,1,90,99,4,7,41,42,27,21,5,"8327 -> 160 [membership]; 979893388 -> 34 -> 160 [membership, ownership -> ownership]",246.509,0,3151,0.0336,0.0001,943,47,0,4,1,4,42,27,21,,160 -> 47679 -> b8567859-bf54-49fd-8332-5775e19c65af -> Mar de la Vida OJSC; 160 -> 34 -> 979893388; 160 -> 34 -> 979893388 -> Oceanfront Oasis Inc Carriers
Spanish Shrimp  Carriers,company,Nalakond,4,Mar de la Vida OJSC; 979893388; Oceanfront Oasis Inc Carriers; 8327,2,84,96,1,5,43,14,41,26,6,"Mar de la Vida OJSC -> Ancla Azul Company Solutions -> Spanish Shrimp  Carriers [membership -> membership]; Oceanfront Oasis Inc Carriers -> 2262 -> Spanish Shrimp  Carriers [family_relationship -> family_relationship, partnership]; 8327 -> 160 -> Spanish Shrimp  Carriers [membership -> ownership, partnership]",243.709,0,3151,0.0336,0.0001,1066,48,1,4,2,1,14,41,26,Spanish Shrimp  Carriers -> l y S.A. de C.V. International -> 59 -> 143129355 -> Spanish Shrimp  Carriers,Spanish Shrimp  Carriers -> Ancla Azul Company Solutions -> Mar de la Vida OJSC; Spanish Shrimp  Carriers -> Faroe Islands Shrimp Shark -> 979893388; Spanish Shrimp  Carriers -> 2262 -> Oceanfront Oasis Inc Carriers
3506021,organization,,3,Mar de la Vida OJSC; 979893388; Oceanfront Oasis Inc Carriers,2,54,64,0,5,24,10,25,14,7,"Mar de la Vida OJSC -> b8567859-bf54-49fd-8332-5775e19c65af -> 3506021 [family_relationship -> membership]; Oceanfront Oasis Inc Carriers -> 2262 -> 3506021 [family_relationship -> ownership]; 979893388 -> Faroe Islands Shrimp Shark -> 3506021 [family_relationship, partnership -> partnership]",232.309,0,3151,0.0336,0.0001,1016,43,4,4,2,0,10,25,14,3506021 -> 13015105 -> Sea Products -> 3506021; 3506021 -> 13015105 -> 3506021; 3506021 -> ba0514a3-9c57-4b04-a7c5-89fc0463fdda -> 6780 -> 60197861 -> 3506021,3506021 -> b8567859-bf54-49fd-8332-5775e19c65af -> Mar de la Vida OJSC; 3506021 -> Faroe Islands Shrimp Shark -> 979893388; 3506021 -> 2262 -> Oceanfront Oasis Inc Carriers
435054320,organization,,3,979893388; Oceanfront Oasis Inc Carriers; 8327,1,61,67,9,3,17,23,23,14,3,8327 -> 435054320 [membership]; 979893388 -> 435054320 [family_relationship]; Oceanfront Oasis Inc Carriers -> 979893388 -> 435054320 [ownership -> family_relationship],228.109,0,3151,0.0336,0.0001,963,34,0,4,1,9,23,23,14,,435054320 -> SeaSpray Wave SRL Solutions -> b8567859-bf54-49fd-8332-5775e19c65af -> Mar de la Vida OJSC; 435054320 -> 979893388; 435054320 -> 979893388 -> Oceanfront Oasis Inc Carriers
Estrella de Coral Ltd. Corporation Logistics,unknown,,3,979893388; Oceanfront Oasis Inc Carriers; 8327,1,70,85,0,3,13,14,35,36,2,979893388 -> Estrella de Coral Ltd. Corporation Logistics [partnership]; Oceanfront Oasis Inc Carriers -> 979893388 -> Estrella de Coral Ltd. Corporation Logistics [ownership -> partnership]; 8327 -> Calvin Salas -> Estrella de Coral Ltd. Corporation Logistics [partnership -> partnership],224.409,0,3151,0.0336,0.0001,1013,32,1,4,1,0,14,35,36,Estrella de Coral Ltd. Corporation Logistics -> âdegradedâ -> Mario Richardson -> Estrella de Coral Ltd. Corporation Logistics,Estrella de Coral Ltd. Corporation Logistics -> Faroe Islands Shrimp Shark -> b8567859-bf54-49fd-8332-5775e19c65af -> Mar de la Vida OJSC; Estrella de Coral Ltd. Corporation Logistics -> 979893388; Estrella de Coral Ltd. Corporation Logistics -> 979893388 -> Oceanfront Oasis Inc Carriers
47679,organization,,4,Mar de la Vida OJSC; 979893388; Oceanfront Oasis Inc Carriers; 8327,2,48,61,0,3,26,22,8,5,4,Mar de la Vida OJSC -> b8567859-bf54-49fd-8332-5775e19c65af -> 47679 [family_relationship -> family_relationship]; Oceanfront Oasis Inc Carriers -> 2262 -> 47679 [family_relationship -> partnership]; 8327 -> 160 -> 47679 [membership -> ownership],221.509,0,3151,0.0336,0.0001,946,42,4,4,2,0,22,8,5,47679 -> 995899 -> 47249 -> 829 -> 47679; 47679 -> 995899 -> 23399545 -> 829 -> 47679; 47679 -> 995899 -> 829 -> 47679,47679 -> b8567859-bf54-49fd-8332-5775e19c65af -> Mar de la Vida OJSC; 47679 -> Faroe Islands Shrimp Shark -> 979893388; 47679 -> 2262 -> Oceanfront Oasis Inc Carriers
2262,organization,,3,Mar de la Vida OJSC; 979893388; Oceanfront Oasis Inc Carriers,1,55,67,0,5,32,11,15,20,6,"Oceanfront Oasis Inc Carriers -> 2262 [family_relationship]; Mar de la Vida OJSC -> b8567859-bf54-49fd-8332-5775e19c65af -> 2262 [family_relationship -> family_relationship, partnership]; 979893388 -> Faroe Islands Shrimp Shark -> 2262 [family_relationship, partnership -> family_relationship]",221.209,0,3151,0.0336,0.0001,1030,49,0,4,1,0,11,15,20,,2262 -> b8567859-bf54-49fd-8332-5775e19c65af -> Mar de la Vida OJSC; 2262 -> Faroe Islands Shrimp Shark -> 979893388; 2262 -> Oceanfront Oasis Inc Carriers
Dana Goodwin,person,Marebak,3,979893388; Oceanfront Oasis Inc Carriers; 8327,1,24,29,2,5,11,4,14,7,2,"979893388 -> Dana Goodwin [family_relationship, partnership]; Oceanfront Oasis Inc Carriers -> 979893388 -> Dana Goodwin [ownership -> family_relationship, partnership]; 8327 -> 7505050 -> Dana Goodwin [membership -> family_relationship]",217.009,0,3151,0.0336,0.0001,701,23,12,4,1,2,4,14,7,Dana Goodwin -> 19 -> Faroe Islands Shrimp Shark -> 34 -> Dana Goodwin; Dana Goodwin -> Faroe Islands Shrimp Shark -> 34 -> Dana Goodwin; Dana Goodwin -> 98703 -> 34 -> Dana Goodwin,Dana Goodwin -> Faroe Islands Shrimp Shark -> b8567859-bf54-49fd-8332-5775e19c65af -> Mar de la Vida OJSC; Dana Goodwin -> 979893388; Dana Goodwin -> 979893388 -> Oceanfront Oasis Inc Carriers
sh rn y Corporation,unknown,,2,979893388; Oceanfront Oasis Inc Carriers,1,21,26,0,3,8,6,5,14,1,979893388 -> sh rn y Corporation [partnership]; Oceanfront Oasis Inc Carriers -> 979893388 -> sh rn y Corporation [ownership -> partnership],214.209,0,3151,0.0336,0.0001,693,21,13,4,1,0,6,5,14,sh rn y Corporation -> days -> Benton Ltd. Liability Co -> 5421 -> sh rn y Corporation; sh rn y Corporation -> days -> Benton Ltd. Liability Co -> 822596165 -> sh rn y Corporation; sh rn y Corporation -> days -> Benton Ltd. Liability Co -> 90 -> sh rn y Corporation,sh rn y Corporation -> SeaSpray Wave SRL Solutions -> b8567859-bf54-49fd-8332-5775e19c65af -> Mar de la Vida OJSC; sh rn y Corporation -> 979893388; sh rn y Corporation -> 979893388 -> Oceanfront Oasis Inc Carriers
6731,organization,,4,Mar de la Vida OJSC; 979893388; Oceanfront Oasis Inc Carriers; 8327,1,51,51,1,2,23,14,20,13,3,979893388 -> 6731 [partnership]; Mar de la Vida OJSC -> b8567859-bf54-49fd-8332-5775e19c65af -> 6731 [family_relationship -> family_relationship]; Oceanfront Oasis Inc Carriers -> 979893388 -> 6731 [ownership -> partnership],212.009,0,3151,0.0336,0.0001,963,42,0,4,1,1,14,20,13,,6731 -> b8567859-bf54-49fd-8332-5775e19c65af -> Mar de la Vida OJSC; 6731 -> 979893388; 6731 -> 979893388 -> Oceanfront Oasis Inc Carriers
49,organization,,3,Mar de la Vida OJSC; 979893388; Oceanfront Oasis Inc Carriers,1,32,34,0,3,12,5,16,3,3,979893388 -> 49 [family_relationship]; Mar de la Vida OJSC -> b8567859-bf54-49fd-8332-5775e19c65af -> 49 [family_relationship -> family_relationship]; Oceanfront Oasis Inc Carriers -> 979893388 -> 49 [ownership -> family_relationship],202.209,0,3151,0.0336,0.0001,828,29,6,4,1,0,5,16,3,49 -> 75471 -> Samuel Stokes -> 49; 49 -> d7f220de-bba2-4965-9c15-3dd38ef5c3c7 -> fisheriesâ -> Uttar Pradesh Sp -> 49; 49 -> d7f220de-bba2-4965-9c15-3dd38ef5c3c7 -> fisheriesâ -> 49,49 -> b8567859-bf54-49fd-8332-5775e19c65af -> Mar de la Vida OJSC; 49 -> 979893388; 49 -> 979893388 -> Oceanfront Oasis Inc Carriers
days,movement,,2,979893388; Oceanfront Oasis Inc Carriers,1,29,38,0,4,7,12,11,26,0,979893388 -> days [partnership]; Oceanfront Oasis Inc Carriers -> 979893388 -> days [ownership -> partnership],198.309,0,3151,0.0336,0.0001,516,17,12,4,1,0,12,11,26,days -> Benton Ltd. Liability Co -> 5421 -> days; days -> Benton Ltd. Liability Co -> 5421 -> 90 -> days; days -> Benton Ltd. Liability Co -> 5421 -> Pez Dorado BV Logistics -> days,days -> 979893388 -> 9345 -> Mar de la Vida OJSC; days -> 979893388; days -> 979893388 -> Oceanfront Oasis Inc Carriers
months,movement,,4,Mar de la Vida OJSC; 979893388; Oceanfront Oasis Inc Carriers; 8327,1,45,48,2,2,10,11,20,15,1,979893388 -> months [partnership]; Mar de la Vida OJSC -> b8567859-bf54-49fd-8332-5775e19c65af -> months [family_relationship -> membership]; Oceanfront Oasis Inc Carriers -> 979893388 -> months [ownership -> partnership],193.409,0,3151,0.0336,0.0001,862,33,0,4,1,2,11,20,15,,months -> b8567859-bf54-49fd-8332-5775e19c65af -> Mar de la Vida OJSC; months -> 979893388; months -> 979893388 -> Oceanfront Oasis Inc Carriers
57,political_organization,,2,979893388; Oceanfront Oasis Inc Carriers,1,30,39,0,1,12,10,3,25,1,979893388 -> 57 [partnership]; Oceanfront Oasis Inc Carriers -> 979893388 -> 57 [ownership -> partnership],193.309,0,3151,0.0336,0.0001,503,19,12,4,1,0,10,3,25,57 -> Luis Jones -> 17232 -> 57; 57 -> Luis Jones -> 17232 -> Derek Burke -> 57; 57 -> Luis Jones -> 57,57 -> Faroe Islands Shrimp Shark -> b8567859-bf54-49fd-8332-5775e19c65af -> Mar de la Vida OJSC; 57 -> 979893388; 57 -> 979893388 -> Oceanfront Oasis Inc Carriers
34,organization,,3,979893388; Oceanfront Oasis Inc Carriers; 8327,1,25,27,0,2,14,8,12,9,3,"979893388 -> 34 [membership, ownership]; Oceanfront Oasis Inc Carriers -> 979893388 -> 34 [ownership -> membership, ownership]; 8327 -> 160 -> 34 [membership -> ownership]",191.809,0,3151,0.0336,0.0001,585,26,9,4,1,0,8,12,9,34 -> Sonia Fisheries Pvt -> b8567859-bf54-49fd-8332-5775e19c65af -> Faroe Islands Shrimp Shark -> 34; 34 -> Dana Goodwin -> 19 -> Faroe Islands Shrimp Shark -> 34; 34 -> Dana Goodwin -> Faroe Islands Shrimp Shark -> 34,34 -> d4947401-8ec7-48b9-a66f-45d983d59e0a -> 9345 -> Mar de la Vida OJSC; 34 -> 979893388; 34 -> 979893388 -> Oceanfront Oasis Inc Carriers
Forwading S.A. de C.V.,unknown,,3,Mar de la Vida OJSC; 979893388; Oceanfront Oasis Inc Carriers,1,35,37,1,3,15,7,12,10,4,979893388 -> Forwading S.A. de C.V. [membership]; Mar de la Vida OJSC -> b8567859-bf54-49fd-8332-5775e19c65af -> Forwading S.A. de C.V. [family_relationship -> partnership]; Oceanfront Oasis Inc Carriers -> 979893388 -> Forwading S.A. de C.V. [ownership -> membership],187.609,0,3151,0.0336,0.0001,917,32,0,4,1,1,7,12,10,,Forwading S.A. de C.V. -> b8567859-bf54-49fd-8332-5775e19c65af -> Mar de la Vida OJSC; Forwading S.A. de C.V. -> 979893388; Forwading S.A. de C.V. -> 979893388 -> Oceanfront Oasis Inc Carriers
Derek Burke,person,Nalakond,2,979893388; Oceanfront Oasis Inc Carriers,1,40,43,0,1,26,8,2,31,1,979893388 -> Derek Burke [partnership]; Oceanfront Oasis Inc Carriers -> 979893388 -> Derek Burke [ownership -> partnership],187.409,0,3151,0.0336,0.0001,585,30,7,4,1,0,8,2,31,Derek Burke -> 57 -> Luis Jones -> 17232 -> Derek Burke; Derek Burke -> 57 -> Luis Jones -> f2aee915-d483-4823-a030-9aac5e44c1fe -> Derek Burke; Derek Burke -> 57 -> 17232 -> Derek Burke,Derek Burke -> 979893388 -> 9345 -> Mar de la Vida OJSC; Derek Burke -> 979893388; Derek Burke -> 979893388 -> Oceanfront Oasis Inc Carriers
23,organization,,2,979893388; Oceanfront Oasis Inc Carriers,1,37,37,1,2,26,7,7,10,2,979893388 -> 23 [partnership]; Oceanfront Oasis Inc Carriers -> 979893388 -> 23 [ownership -> partnership],182.309,0,3151,0.0336,0.0001,809,35,1,4,1,1,7,7,10,23 -> 34 -> Dana Goodwin -> Turkish Sword Buoy Incorporated Forwading -> 23,23 -> SeaSpray Wave SRL Solutions -> b8567859-bf54-49fd-8332-5775e19c65af -> Mar de la Vida OJSC; 23 -> 979893388; 23 -> 979893388 -> Oceanfront Oasis Inc Carriers
750975,organization,,3,Mar de la Vida OJSC; 979893388; Oceanfront Oasis Inc Carriers,1,29,32,1,2,16,3,9,8,3,979893388 -> 750975 [family_relationship]; Mar de la Vida OJSC -> b8567859-bf54-49fd-8332-5775e19c65af -> 750975 [family_relationship -> partnership]; Oceanfront Oasis Inc Carriers -> 979893388 -> 750975 [ownership -> family_relationship],179.109,0,3151,0.0336,0.0001,851,35,0,4,1,1,3,9,8,,750975 -> b8567859-bf54-49fd-8332-5775e19c65af -> Mar de la Vida OJSC; 750975 -> 979893388; 750975 -> 979893388 -> Oceanfront Oasis Inc Carriers
7691,organization,,3,Mar de la Vida OJSC; 979893388; 8327,2,35,42,4,4,12,5,22,7,5,"Mar de la Vida OJSC -> b8567859-bf54-49fd-8332-5775e19c65af -> 7691 [family_relationship -> membership]; 8327 -> water -> 7691 [membership -> membership]; 979893388 -> Faroe Islands Shrimp Shark -> 7691 [family_relationship, partnership -> partnership]",178.509,0,3151,0.0336,0.0001,719,23,3,4,2,4,5,22,7,7691 -> 629 -> 43685541 -> 7691; 7691 -> Sierra Smith -> 629 -> 43685541 -> 7691; 7691 -> 185040354 -> 77b46bc7-7e31-41a0-973c-e633011d21b0 -> 43685541 -> 7691,7691 -> b8567859-bf54-49fd-8332-5775e19c65af -> Mar de la Vida OJSC; 7691 -> Faroe Islands Shrimp Shark -> 979893388; 7691 -> Faroe Islands Shrimp Shark -> 979893388 -> Oceanfront Oasis Inc Carriers
April,event,,3,Mar de la Vida OJSC; 979893388; Oceanfront Oasis Inc Carriers,1,33,35,0,2,17,10,16,5,3,979893388 -> April [membership]; Mar de la Vida OJSC -> b8567859-bf54-49fd-8332-5775e19c65af -> April [family_relationship -> membership]; Oceanfront Oasis Inc Carriers -> 979893388 -> April [ownership -> membership],176.909,0,3151,0.0336,0.0001,784,29,1,4,1,0,10,16,5,April -> Sonia Fisheries Pvt -> April,April -> b8567859-bf54-49fd-8332-5775e19c65af -> Mar de la Vida OJSC; April -> 979893388; April -> 979893388 -> Oceanfront Oasis Inc Carriers
665,organization,,3,979893388; Oceanfront Oasis Inc Carriers; 8327,1,39,40,1,3,21,10,11,16,2,979893388 -> 665 [partnership]; Oceanfront Oasis Inc Carriers -> 979893388 -> 665 [ownership -> partnership]; 8327 -> water -> 665 [membership -> family_relationship],176.209,0,3151,0.0336,0.0001,709,33,1,4,1,1,10,11,16,665 -> Derek Burke -> 277983365 -> Ocean Fisheries Llc -> 665,665 -> Ocean Fisheries Llc -> âHe -> Mar de la Vida OJSC; 665 -> 979893388; 665 -> 979893388 -> Oceanfront Oasis Inc Carriers
7298083,organization,,3,979893388; Oceanfront Oasis Inc Carriers; 8327,2,37,41,2,3,20,7,19,10,3,"Oceanfront Oasis Inc Carriers -> 2262 -> 7298083 [family_relationship -> ownership]; 8327 -> 160 -> 7298083 [membership -> membership]; 979893388 -> Faroe Islands Shrimp Shark -> 7298083 [family_relationship, partnership -> partnership]",175.409,0,3151,0.0336,0.0001,750,35,0,4,2,2,7,19,10,,7298083 -> Faroe Islands Shrimp Shark -> b8567859-bf54-49fd-8332-5775e19c65af -> Mar de la Vida OJSC; 7298083 -> Faroe Islands Shrimp Shark -> 979893388; 7298083 -> 2262 -> Oceanfront Oasis Inc Carriers
Erica Hamilton,person,Marebak,3,979893388; Oceanfront Oasis Inc Carriers; 8327,1,30,36,0,0,17,7,11,6,2,979893388 -> Erica Hamilton [ownership]; Oceanfront Oasis Inc Carriers -> 979893388 -> Erica Hamilton [ownership -> ownership]; 8327 -> 160 -> Erica Hamilton [membership -> partnership],169.409,0,3151,0.0336,0.0001,352,14,12,4,1,0,7,11,6,Erica Hamilton -> 1354 -> 982519647 -> Erica Hamilton; Erica Hamilton -> 1354 -> 923825740 -> Erica Hamilton; Erica Hamilton -> 1354 -> Erica Hamilton,Erica Hamilton -> 979893388 -> 9345 -> Mar de la Vida OJSC; Erica Hamilton -> 979893388; Erica Hamilton -> 979893388 -> Oceanfront Oasis Inc Carriers
Calvin Salas,person,Marebak,3,Mar de la Vida OJSC; 979893388; 8327,1,34,36,0,0,8,2,2,5,2,8327 -> Calvin Salas [partnership]; Mar de la Vida OJSC -> b8567859-bf54-49fd-8332-5775e19c65af -> Calvin Salas [family_relationship -> partnership]; 979893388 -> 6731 -> Calvin Salas [partnership -> partnership],164.009,0,3151,0.0336,0.0001,861,26,0,4,1,0,2,2,5,,Calvin Salas -> b8567859-bf54-49fd-8332-5775e19c65af -> Mar de la Vida OJSC; Calvin Salas -> SeaSpray Wave SRL Solutions -> 979893388; Calvin Salas -> SeaSpray Wave SRL Solutions -> 979893388 -> Oceanfront Oasis Inc Carriers
f21800ca-b3c9-404b-8438-3d75ea84c409,location,,2,979893388; Oceanfront Oasis Inc Carriers,1,19,19,0,3,6,5,4,5,2,979893388 -> f21800ca-b3c9-404b-8438-3d75ea84c409 [ownership]; Oceanfront Oasis Inc Carriers -> 8787 -> f21800ca-b3c9-404b-8438-3d75ea84c409 [family_relationship -> family_relationship],162.809,0,3151,0.0336,0.0001,768,31,0,4,1,0,5,4,5,,f21800ca-b3c9-404b-8438-3d75ea84c409 -> Faroe Islands Shrimp Shark -> b8567859-bf54-49fd-8332-5775e19c65af -> Mar de la Vida OJSC; f21800ca-b3c9-404b-8438-3d75ea84c409 -> 979893388; f21800ca-b3c9-404b-8438-3d75ea84c409 -> 979893388 -> Oceanfront Oasis Inc Carriers
14bda3bb-9993-4265-97cc-1747808c144e,location,,3,979893388; Oceanfront Oasis Inc Carriers; 8327,1,30,32,1,3,7,2,13,8,2,979893388 -> 14bda3bb-9993-4265-97cc-1747808c144e [family_relationship]; Oceanfront Oasis Inc Carriers -> 979893388 -> 14bda3bb-9993-4265-97cc-1747808c144e [ownership -> family_relationship]; 8327 -> 160 -> 14bda3bb-9993-4265-97cc-1747808c144e [membership -> family_relationship],162.509,0,3151,0.0336,0.0001,762,26,0,4,1,1,2,13,8,,14bda3bb-9993-4265-97cc-1747808c144e -> Faroe Islands Shrimp Shark -> b8567859-bf54-49fd-8332-5775e19c65af -> Mar de la Vida OJSC; 14bda3bb-9993-4265-97cc-1747808c144e -> 979893388; 14bda3bb-9993-4265-97cc-1747808c144e -> 979893388 -> Oceanfront Oasis Inc Carriers
4,organization,,2,979893388; Oceanfront Oasis Inc Carriers,1,31,35,1,1,21,5,4,4,3,979893388 -> 4 [family_relationship]; Oceanfront Oasis Inc Carriers -> 979893388 -> 4 [ownership -> family_relationship],161.809,0,3151,0.0336,0.0001,731,27,1,4,1,1,5,4,4,4 -> 262157542 -> 4,4 -> Faroe Islands Shrimp Shark -> b8567859-bf54-49fd-8332-5775e19c65af -> Mar de la Vida OJSC; 4 -> 979893388; 4 -> 979893388 -> Oceanfront Oasis Inc Carriers
7505050,organization,,3,Mar de la Vida OJSC; 979893388; 8327,1,27,30,3,3,7,13,11,6,3,8327 -> 7505050 [membership]; Mar de la Vida OJSC -> b8567859-bf54-49fd-8332-5775e19c65af -> 7505050 [family_relationship -> family_relationship]; 979893388 -> John Gonzalez -> 7505050 [family_relationship -> membership],159.409,0,3151,0.0336,0.0001,680,21,0,4,1,3,13,11,6,,7505050 -> b8567859-bf54-49fd-8332-5775e19c65af -> Mar de la Vida OJSC; 7505050 -> Ocean Fisheries Llc -> 979893388; 7505050 -> Ocean Fisheries Llc -> 979893388 -> Oceanfront Oasis Inc Carriers
John Gonzalez,person,Nalakond,4,Mar de la Vida OJSC; 979893388; Oceanfront Oasis Inc Carriers; 8327,1,21,22,0,1,9,1,5,3,2,979893388 -> John Gonzalez [family_relationship]; Mar de la Vida OJSC -> 9345 -> John Gonzalez [membership -> family_relationship]; Oceanfront Oasis Inc Carriers -> 979893388 -> John Gonzalez [ownership -> family_relationship],155.709,0,3151,0.0336,0.0001,746,29,0,4,1,0,1,5,3,,John Gonzalez -> 9345 -> Mar de la Vida OJSC; John Gonzalez -> 979893388; John Gonzalez -> 979893388 -> Oceanfront Oasis Inc Carriers
Seafood,unknown,,2,979893388; Oceanfront Oasis Inc Carriers,1,13,15,0,3,7,4,6,3,1,979893388 -> Seafood [family_relationship]; Oceanfront Oasis Inc Carriers -> 979893388 -> Seafood [ownership -> family_relationship],153.309,0,3151,0.0336,0.0001,726,26,0,4,1,0,4,6,3,,Seafood -> Faroe Islands Shrimp Shark -> b8567859-bf54-49fd-8332-5775e19c65af -> Mar de la Vida OJSC; Seafood -> 979893388; Seafood -> 979893388 -> Oceanfront Oasis Inc Carriers
1560,organization,,3,979893388; Oceanfront Oasis Inc Carriers; 8327,1,13,14,0,1,8,11,0,0,2,979893388 -> 1560 [family_relationship]; Oceanfront Oasis Inc Carriers -> 979893388 -> 1560 [ownership -> family_relationship]; 8327 -> Seabreeze Foods Ltd. Corporation United -> 1560 [ownership -> ownership],151.809,0,3151,0.0336,0.0001,401,16,8,4,1,0,11,0,0,1560 -> 47249 -> 23399545 -> 829 -> 1560; 1560 -> 47249 -> 829 -> 995899 -> 1560; 1560 -> 47249 -> 829 -> 1560,1560 -> Seabreeze Foods Ltd. Corporation United -> FishEye International -> Mar de la Vida OJSC; 1560 -> 979893388; 1560 -> 979893388 -> Oceanfront Oasis Inc Carriers
196159,organization,,4,Mar de la Vida OJSC; 979893388; Oceanfront Oasis Inc Carriers; 8327,1,23,24,0,0,19,3,1,7,1,979893388 -> 196159 [family_relationship]; Mar de la Vida OJSC -> b8567859-bf54-49fd-8332-5775e19c65af -> 196159 [family_relationship -> family_relationship]; Oceanfront Oasis Inc Carriers -> 8787 -> 196159 [family_relationship -> partnership],149.509,0,3151,0.0336,0.0001,658,31,0,4,1,0,3,1,7,,196159 -> b8567859-bf54-49fd-8332-5775e19c65af -> Mar de la Vida OJSC; 196159 -> 979893388; 196159 -> 979893388 -> Oceanfront Oasis Inc Carriers
9067,organization,,2,979893388; Oceanfront Oasis Inc Carriers,1,26,26,0,1,17,4,9,3,2,979893388 -> 9067 [family_relationship]; Oceanfront Oasis Inc Carriers -> 979893388 -> 9067 [ownership -> family_relationship],148.309,0,3151,0.0336,0.0001,661,26,0,4,1,0,4,9,3,,9067 -> SeaSpray Wave SRL Solutions -> b8567859-bf54-49fd-8332-5775e19c65af -> Mar de la Vida OJSC; 9067 -> 979893388; 9067 -> 979893388 -> Oceanfront Oasis Inc Carriers
Sept,unknown,,2,979893388; Oceanfront Oasis Inc Carriers,1,36,38,0,1,7,7,14,7,2,979893388 -> Sept [family_relationship]; Oceanfront Oasis Inc Carriers -> 979893388 -> Sept [ownership -> family_relationship],145.109,0,3151,0.0336,0.0001,611,22,0,4,1,0,7,14,7,,Sept -> Ocean Fisheries Llc -> âHe -> Mar de la Vida OJSC; Sept -> 979893388; Sept -> 979893388 -> Oceanfront Oasis Inc Carriers
9,organization,,2,979893388; Oceanfront Oasis Inc Carriers,1,5,5,0,1,2,4,0,1,2,979893388 -> 9 [ownership]; Oceanfront Oasis Inc Carriers -> 979893388 -> 9 [ownership -> ownership],143.609,0,3151,0.0336,0.0001,655,27,0,4,1,0,4,0,1,,9 -> Mar del Oeste Pic -> b8567859-bf54-49fd-8332-5775e19c65af -> Mar de la Vida OJSC; 9 -> 979893388; 9 -> 979893388 -> Oceanfront Oasis Inc Carriers
23990411,organization,,2,979893388; Oceanfront Oasis Inc Carriers,1,16,16,1,2,4,4,11,4,1,979893388 -> 23990411 [membership]; Oceanfront Oasis Inc Carriers -> 979893388 -> 23990411 [ownership -> membership],142.409,0,3151,0.0336,0.0001,639,19,0,4,1,1,4,11,4,,23990411 -> Faroe Islands Shrimp Shark -> b8567859-bf54-49fd-8332-5775e19c65af -> Mar de la Vida OJSC; 23990411 -> 979893388; 23990411 -> 979893388 -> Oceanfront Oasis Inc Carriers
40213337,organization,,2,979893388; 8327,1,24,25,6,1,6,11,9,7,3,8327 -> 40213337 [ownership]; 979893388 -> 196159 -> 40213337 [family_relationship -> ownership],141.509,0,3151,0.0336,0.0001,542,13,0,4,1,6,11,9,7,,40213337 -> 58623386 -> FishEye International -> Mar de la Vida OJSC; 40213337 -> Mar del Oeste Pic -> 979893388; 40213337 -> 58623386 -> FishEye International -> Oceanfront Oasis Inc Carriers
Linda Sherman,person,Country_887466,3,979893388; Oceanfront Oasis Inc Carriers; 8327,1,18,20,1,1,3,1,7,5,1,979893388 -> Linda Sherman [membership]; Oceanfront Oasis Inc Carriers -> 979893388 -> Linda Sherman [ownership -> membership]; 8327 -> 435054320 -> Linda Sherman [membership -> family_relationship],137.009,0,3151,0.0336,0.0001,573,24,0,4,1,1,1,7,5,,Linda Sherman -> Mar del Oeste Pic -> b8567859-bf54-49fd-8332-5775e19c65af -> Mar de la Vida OJSC; Linda Sherman -> 979893388; Linda Sherman -> 979893388 -> Oceanfront Oasis Inc Carriers
Maria Mitchell,person,Oceanus,2,979893388; Oceanfront Oasis Inc Carriers,1,14,15,0,2,10,4,4,0,1,979893388 -> Maria Mitchell [partnership]; Oceanfront Oasis Inc Carriers -> 979893388 -> Maria Mitchell [ownership -> partnership],136.709,0,3151,0.0336,0.0001,609,23,0,4,1,0,4,4,0,,Maria Mitchell -> Mar del Oeste Pic -> b8567859-bf54-49fd-8332-5775e19c65af -> Mar de la Vida OJSC; Maria Mitchell -> 979893388; Maria Mitchell -> 979893388 -> Oceanfront Oasis Inc Carriers
b1d6e468-f3c5-45f3-90a2-e76b2f329b2d,location,,2,979893388; Oceanfront Oasis Inc Carriers,1,20,20,0,2,1,6,12,8,1,979893388 -> b1d6e468-f3c5-45f3-90a2-e76b2f329b2d [family_relationship]; Oceanfront Oasis Inc Carriers -> 979893388 -> b1d6e468-f3c5-45f3-90a2-e76b2f329b2d [ownership -> family_relationship],136.309,0,3151,0.0336,0.0001,577,18,0,4,1,0,6,12,8,,b1d6e468-f3c5-45f3-90a2-e76b2f329b2d -> Faroe Islands Shrimp Shark -> b8567859-bf54-49fd-8332-5775e19c65af -> Mar de la Vida OJSC; b1d6e468-f3c5-45f3-90a2-e76b2f329b2d -> 979893388; b1d6e468-f3c5-45f3-90a2-e76b2f329b2d -> 979893388 -> Oceanfront Oasis Inc Carriers
67a59fab-710a-4992-b6d0-d581fd9dceba,location,,2,979893388; Oceanfront Oasis Inc Carriers,1,12,12,1,1,4,8,4,2,2,979893388 -> 67a59fab-710a-4992-b6d0-d581fd9dceba [membership]; Oceanfront Oasis Inc Carriers -> 979893388 -> 67a59fab-710a-4992-b6d0-d581fd9dceba [ownership -> membership],136.209,0,3151,0.0336,0.0001,530,25,0,4,1,1,8,4,2,,67a59fab-710a-4992-b6d0-d581fd9dceba -> Ocean Fisheries Llc -> âHe -> Mar de la Vida OJSC; 67a59fab-710a-4992-b6d0-d581fd9dceba -> 979893388; 67a59fab-710a-4992-b6d0-d581fd9dceba -> 979893388 -> Oceanfront Oasis Inc Carriers
Abigail Foster,person,Country_895471,2,979893388; Oceanfront Oasis Inc Carriers,1,26,28,1,2,7,4,9,9,1,979893388 -> Abigail Foster [membership]; Oceanfront Oasis Inc Carriers -> 8787 -> Abigail Foster [family_relationship -> membership],133.809,0,3151,0.0336,0.0001,558,18,0,4,1,1,4,9,9,,Abigail Foster -> 518 -> b8567859-bf54-49fd-8332-5775e19c65af -> Mar de la Vida OJSC; Abigail Foster -> 979893388; Abigail Foster -> 979893388 -> Oceanfront Oasis Inc Carriers
8787,organization,,2,979893388; Oceanfront Oasis Inc Carriers,1,17,18,3,1,7,2,5,9,3,Oceanfront Oasis Inc Carriers -> 8787 [family_relationship]; 979893388 -> 196159 -> 8787 [family_relationship -> partnership],132.109,0,3151,0.0336,0.0001,445,22,1,4,1,3,2,5,9,8787 -> 34731154 -> 8787,8787 -> Mar del Oeste Pic -> b8567859-bf54-49fd-8332-5775e19c65af -> Mar de la Vida OJSC; 8787 -> Mar del Oeste Pic -> 979893388; 8787 -> Oceanfront Oasis Inc Carriers
âbracatinga,unknown,,3,Mar de la Vida OJSC; 979893388; Oceanfront Oasis Inc Carriers,1,9,10,0,0,4,0,5,8,2,979893388 -> âbracatinga [family_relationship]; Mar de la Vida OJSC -> b8567859-bf54-49fd-8332-5775e19c65af -> âbracatinga [family_relationship -> membership]; Oceanfront Oasis Inc Carriers -> 979893388 -> âbracatinga [ownership -> family_relationship],131.809,0,3151,0.0336,0.0001,409,13,5,4,1,0,0,5,8,âbracatinga -> Nagaland Sea Ltd. Liability Co & -> John Brown -> âbracatinga; âbracatinga -> Nagaland Sea Ltd. Liability Co & -> 55674 -> 46901627 -> âbracatinga; âbracatinga -> Nagaland Sea Ltd. Liability Co & -> 55674 -> John Brown -> âbracatinga,âbracatinga -> b8567859-bf54-49fd-8332-5775e19c65af -> Mar de la Vida OJSC; âbracatinga -> 979893388; âbracatinga -> 979893388 -> Oceanfront Oasis Inc Carriers
water,vessel,,3,Mar de la Vida OJSC; 979893388; 8327,1,13,15,0,2,5,1,8,6,0,"8327 -> water [membership]; Mar de la Vida OJSC -> b8567859-bf54-49fd-8332-5775e19c65af -> water [family_relationship -> family_relationship]; 979893388 -> png xi  Line -> water [family_relationship, membership -> membership]",130.809,0,3151,0.0336,0.0001,453,16,3,4,1,0,1,8,6,water -> Tshikwea Corp Marine sanctuary -> water; water -> 519994690 -> Tshikwea Corp Marine sanctuary -> water; water -> 519994690 -> water,water -> b8567859-bf54-49fd-8332-5775e19c65af -> Mar de la Vida OJSC; water -> b8567859-bf54-49fd-8332-5775e19c65af -> 979893388; water -> b8567859-bf54-49fd-8332-5775e19c65af -> 979893388 -> Oceanfront Oasis Inc Carriers
weeks,movement,,2,979893388; 8327,1,20,21,3,1,4,12,4,12,0,8327 -> weeks [ownership]; 979893388 -> 14bda3bb-9993-4265-97cc-1747808c144e -> weeks [family_relationship -> partnership],130.109,0,3151,0.0336,0.0001,521,10,0,4,1,3,12,4,12,,weeks -> 341411 -> b8567859-bf54-49fd-8332-5775e19c65af -> Mar de la Vida OJSC; weeks -> months -> 979893388; weeks -> months -> 979893388 -> Oceanfront Oasis Inc Carriers
Ancla Azul Company Solutions,unknown,,3,Mar de la Vida OJSC; 979893388; 8327,1,21,22,1,3,8,0,14,9,2,"Mar de la Vida OJSC -> Ancla Azul Company Solutions [membership]; 8327 -> Coast -> Ancla Azul Company Solutions [ownership -> family_relationship]; 979893388 -> Faroe Islands Shrimp Shark -> Ancla Azul Company Solutions [family_relationship, partnership -> family_relationship]",128.309,0,3151,0.0336,0.0001,496,14,1,4,1,1,0,14,9,Ancla Azul Company Solutions -> Mar de la Vida OJSC -> Ancla Azul Company Solutions,Ancla Azul Company Solutions -> Mar de la Vida OJSC; Ancla Azul Company Solutions -> Faroe Islands Shrimp Shark -> 979893388; Ancla Azul Company Solutions -> Faroe Islands Shrimp Shark -> 979893388 -> Oceanfront Oasis Inc Carriers
Mitsubishi,unknown,,3,Mar de la Vida OJSC; 979893388; Oceanfront Oasis Inc Carriers,2,19,21,0,2,6,2,13,5,1,"Mar de la Vida OJSC -> FishEye International -> Mitsubishi [membership -> membership]; Oceanfront Oasis Inc Carriers -> FishEye International -> Mitsubishi [membership -> membership]; 979893388 -> png xi  Line -> Mitsubishi [family_relationship, membership -> ownership]",127.609,0,3151,0.0336,0.0001,552,14,1,4,2,0,2,13,5,Mitsubishi -> 76568 -> Mitsubishi,Mitsubishi -> FishEye International -> Mar de la Vida OJSC; Mitsubishi -> png xi  Line -> 979893388; Mitsubishi -> FishEye International -> Oceanfront Oasis Inc Carriers
17c99d9d-7049-4ebb-8a2a-f3d39cc42870,location,,2,979893388; Oceanfront Oasis Inc Carriers,1,8,8,1,1,2,2,2,0,1,979893388 -> 17c99d9d-7049-4ebb-8a2a-f3d39cc42870 [ownership]; Oceanfront Oasis Inc Carriers -> 979893388 -> 17c99d9d-7049-4ebb-8a2a-f3d39cc42870 [ownership -> ownership],126.509,0,3151,0.0336,0.0001,541,20,0,4,1,1,2,2,0,,17c99d9d-7049-4ebb-8a2a-f3d39cc42870 -> HMS Montrose -> b8567859-bf54-49fd-8332-5775e19c65af -> Mar de la Vida OJSC; 17c99d9d-7049-4ebb-8a2a-f3d39cc42870 -> 979893388; 17c99d9d-7049-4ebb-8a2a-f3d39cc42870 -> 979893388 -> Oceanfront Oasis Inc Carriers
3404599,organization,,3,Mar de la Vida OJSC; 979893388; Oceanfront Oasis Inc Carriers,1,15,16,0,0,10,0,2,5,1,979893388 -> 3404599 [family_relationship]; Mar de la Vida OJSC -> b8567859-bf54-49fd-8332-5775e19c65af -> 3404599 [family_relationship -> family_relationship]; Oceanfront Oasis Inc Carriers -> 979893388 -> 3404599 [ownership -> family_relationship],126.009,0,3151,0.0336,0.0001,515,24,0,4,1,0,0,2,5,,3404599 -> b8567859-bf54-49fd-8332-5775e19c65af -> Mar de la Vida OJSC; 3404599 -> 979893388; 3404599 -> 979893388 -> Oceanfront Oasis Inc Carriers
6335187,organization,,3,979893388; Oceanfront Oasis Inc Carriers; 8327,1,15,16,0,1,10,4,2,5,1,979893388 -> 6335187 [partnership]; Oceanfront Oasis Inc Carriers -> 979893388 -> 6335187 [ownership -> partnership]; 8327 -> Seabreeze Foods Ltd. Corporation United -> 6335187 [ownership -> ownership],125.109,0,3151,0.0336,0.0001,498,22,0,4,1,0,4,2,5,,6335187 -> Mar del Oeste Pic -> b8567859-bf54-49fd-8332-5775e19c65af -> Mar de la Vida OJSC; 6335187 -> 979893388; 6335187 -> 979893388 -> Oceanfront Oasis Inc Carriers
Seabreeze Foods Ltd. Corporation United,unknown,,4,Mar de la Vida OJSC; 979893388; Oceanfront Oasis Inc Carriers; 8327,1,15,15,0,0,13,6,5,5,3,8327 -> Seabreeze Foods Ltd. Corporation United [ownership]; Mar de la Vida OJSC -> FishEye International -> Seabreeze Foods Ltd. Corporation United [membership -> membership]; Oceanfront Oasis Inc Carriers -> FishEye International -> Seabreeze Foods Ltd. Corporation United [membership -> membership],123.509,0,3151,0.0336,0.0001,453,22,0,4,1,0,6,5,5,,Seabreeze Foods Ltd. Corporation United -> FishEye International -> Mar de la Vida OJSC; Seabreeze Foods Ltd. Corporation United -> 34 -> 979893388; Seabreeze Foods Ltd. Corporation United -> FishEye International -> Oceanfront Oasis Inc Carriers
William Fernandez,person,Nalakond,2,979893388; Oceanfront Oasis Inc Carriers,1,16,16,1,0,6,2,6,7,0,979893388 -> William Fernandez [membership]; Oceanfront Oasis Inc Carriers -> 979893388 -> William Fernandez [ownership -> membership],122.709,0,3151,0.0336,0.0001,512,15,0,4,1,1,2,6,7,,William Fernandez -> 341411 -> b8567859-bf54-49fd-8332-5775e19c65af -> Mar de la Vida OJSC; William Fernandez -> 979893388; William Fernandez -> 979893388 -> Oceanfront Oasis Inc Carriers
36744944,political_organization,,2,979893388; Oceanfront Oasis Inc Carriers,1,9,9,0,1,2,4,3,1,1,979893388 -> 36744944 [membership]; Oceanfront Oasis Inc Carriers -> 979893388 -> 36744944 [ownership -> membership],121.709,0,3151,0.0336,0.0001,511,18,0,4,1,0,4,3,1,,36744944 -> d4947401-8ec7-48b9-a66f-45d983d59e0a -> 9345 -> Mar de la Vida OJSC; 36744944 -> 979893388; 36744944 -> 979893388 -> Oceanfront Oasis Inc Carriers
990,organization,,2,979893388; Oceanfront Oasis Inc Carriers,1,11,12,0,2,6,3,3,4,1,979893388 -> 990 [ownership]; Oceanfront Oasis Inc Carriers -> 979893388 -> 990 [ownership -> ownership],121.109,0,3151,0.0336,0.0001,373,16,3,4,1,0,3,3,4,990 -> 34 -> Dana Goodwin -> Turkish Sword Buoy Incorporated Forwading -> 990; 990 -> Dana Goodwin -> Turkish Sword Buoy Incorporated Forwading -> 990; 990 -> Turkish Sword Buoy Incorporated Forwading -> 990,990 -> 979893388 -> 9345 -> Mar de la Vida OJSC; 990 -> 979893388; 990 -> 979893388 -> Oceanfront Oasis Inc Carriers
8814,organization,,3,Mar de la Vida OJSC; 979893388; Oceanfront Oasis Inc Carriers,1,15,15,0,0,11,1,14,5,3,979893388 -> 8814 [membership]; Mar de la Vida OJSC -> FishEye International -> 8814 [membership -> membership]; Oceanfront Oasis Inc Carriers -> FishEye International -> 8814 [membership -> membership],120.909,0,3151,0.0336,0.0001,457,18,0,4,1,0,1,14,5,,8814 -> FishEye International -> Mar de la Vida OJSC; 8814 -> 979893388; 8814 -> 979893388 -> Oceanfront Oasis Inc Carriers
69150209,organization,,2,979893388; Oceanfront Oasis Inc Carriers,1,20,21,0,1,11,3,0,8,0,979893388 -> 69150209 [partnership]; Oceanfront Oasis Inc Carriers -> 979893388 -> 69150209 [ownership -> partnership],120.409,0,3151,0.0336,0.0001,469,21,0,4,1,0,3,0,8,,69150209 -> 979893388 -> 9345 -> Mar de la Vida OJSC; 69150209 -> 979893388; 69150209 -> 979893388 -> Oceanfront Oasis Inc Carriers
ââ,unknown,,2,979893388; Oceanfront Oasis Inc Carriers,1,23,23,0,1,5,7,8,0,0,979893388 -> ââ [membership]; Oceanfront Oasis Inc Carriers -> 979893388 -> ââ [ownership -> membership],116.209,0,3151,0.0336,0.0001,443,15,0,4,1,0,7,8,0,,ââ -> 979893388 -> 9345 -> Mar de la Vida OJSC; ââ -> 979893388; ââ -> 979893388 -> Oceanfront Oasis Inc Carriers
947,organization,,2,979893388; Oceanfront Oasis Inc Carriers,1,10,10,1,0,4,2,2,2,1,979893388 -> 947 [family_relationship]; Oceanfront Oasis Inc Carriers -> 979893388 -> 947 [ownership -> family_relationship],114.709,0,3151,0.0336,0.0001,457,16,0,4,1,1,2,2,2,,947 -> Ocean Fisheries Llc -> âHe -> Mar de la Vida OJSC; 947 -> 979893388; 947 -> 979893388 -> Oceanfront Oasis Inc Carriers
48,organization,,4,Mar de la Vida OJSC; 979893388; Oceanfront Oasis Inc Carriers; 8327,2,15,15,1,2,8,9,4,2,2,Mar de la Vida OJSC -> FishEye International -> 48 [membership -> membership]; Oceanfront Oasis Inc Carriers -> FishEye International -> 48 [membership -> membership]; 8327 -> 435054320 -> 48 [membership -> membership],114.109,0,3151,0.0336,0.0001,472,12,0,4,2,1,9,4,2,,48 -> FishEye International -> Mar de la Vida OJSC; 48 -> Faroe Islands Shrimp Shark -> 979893388; 48 -> FishEye International -> Oceanfront Oasis Inc Carriers
9786,organization,,3,979893388; Oceanfront Oasis Inc Carriers; 8327,1,19,19,0,1,9,3,0,11,3,979893388 -> 9786 [partnership]; Oceanfront Oasis Inc Carriers -> 979893388 -> 9786 [ownership -> partnership]; 8327 -> 160 -> 9786 [membership -> partnership],113.509,0,3151,0.0336,0.0001,431,17,0,4,1,0,3,0,11,,9786 -> 979893388 -> 9345 -> Mar de la Vida OJSC; 9786 -> 979893388; 9786 -> 979893388 -> Oceanfront Oasis Inc Carriers
98332,organization,,2,979893388; Oceanfront Oasis Inc Carriers,1,12,12,2,0,3,0,6,1,1,979893388 -> 98332 [membership]; Oceanfront Oasis Inc Carriers -> 979893388 -> 98332 [ownership -> membership],112.709,0,3151,0.0336,0.0001,414,16,0,4,1,2,0,6,1,,98332 -> SeaSpray Wave SRL Solutions -> b8567859-bf54-49fd-8332-5775e19c65af -> Mar de la Vida OJSC; 98332 -> 979893388; 98332 -> 979893388 -> Oceanfront Oasis Inc Carriers
672,organization,,2,979893388; Oceanfront Oasis Inc Carriers,1,16,16,0,2,8,4,8,0,2,979893388 -> 672 [membership]; Oceanfront Oasis Inc Carriers -> 979893388 -> 672 [ownership -> membership],112.609,0,3151,0.0336,0.0001,288,14,3,4,1,0,4,8,0,672 -> 979893388 -> 5421 -> sh rn y Corporation -> 672; 672 -> 979893388 -> days -> sh rn y Corporation -> 672; 672 -> 979893388 -> 822596165 -> sh rn y Corporation -> 672,672 -> 979893388 -> 9345 -> Mar de la Vida OJSC; 672 -> 979893388; 672 -> 979893388 -> Oceanfront Oasis Inc Carriers
Miranda Long,person,Country_271835,2,979893388; Oceanfront Oasis Inc Carriers,1,5,5,0,1,2,5,0,0,0,979893388 -> Miranda Long [ownership]; Oceanfront Oasis Inc Carriers -> 979893388 -> Miranda Long [ownership -> ownership],112.409,0,3151,0.0336,0.0001,459,15,0,4,1,0,5,0,0,,Miranda Long -> 979893388 -> 9345 -> Mar de la Vida OJSC; Miranda Long -> 979893388; Miranda Long -> 979893388 -> Oceanfront Oasis Inc Carriers
b1a0ee2a-0e6d-48c2-b639-032e4648fa5c,location,,4,Mar de la Vida OJSC; 979893388; Oceanfront Oasis Inc Carriers; 8327,1,18,18,0,0,10,3,14,0,1,979893388 -> b1a0ee2a-0e6d-48c2-b639-032e4648fa5c [membership]; Mar de la Vida OJSC -> Jon White -> b1a0ee2a-0e6d-48c2-b639-032e4648fa5c [ownership -> membership]; Oceanfront Oasis Inc Carriers -> 979893388 -> b1a0ee2a-0e6d-48c2-b639-032e4648fa5c [ownership -> membership],111.309,0,3151,0.0336,0.0001,382,16,0,4,1,0,3,14,0,,b1a0ee2a-0e6d-48c2-b639-032e4648fa5c -> Jon White -> Mar de la Vida OJSC; b1a0ee2a-0e6d-48c2-b639-032e4648fa5c -> 979893388; b1a0ee2a-0e6d-48c2-b639-032e4648fa5c -> 979893388 -> Oceanfront Oasis Inc Carriers
Caribbean,unknown,,2,979893388; Oceanfront Oasis Inc Carriers,1,20,20,0,1,11,6,11,1,0,979893388 -> Caribbean [family_relationship]; Oceanfront Oasis Inc Carriers -> 979893388 -> Caribbean [ownership -> family_relationship],108.609,0,3151,0.0336,0.0001,336,17,0,4,1,0,6,11,1,,Caribbean -> 979893388 -> 9345 -> Mar de la Vida OJSC; Caribbean -> 979893388; Caribbean -> 979893388 -> Oceanfront Oasis Inc Carriers
Sea Harvest,unknown,,3,979893388; Oceanfront Oasis Inc Carriers; 8327,1,13,16,0,1,4,2,7,8,1,979893388 -> Sea Harvest [family_relationship]; Oceanfront Oasis Inc Carriers -> 979893388 -> Sea Harvest [ownership -> family_relationship]; 8327 -> 40213337 -> Sea Harvest [ownership -> ownership],107.809,0,3151,0.0336,0.0001,365,11,1,4,1,0,2,7,8,Sea Harvest -> Sea Products -> Sea Harvest,Sea Harvest -> 979893388 -> 9345 -> Mar de la Vida OJSC; Sea Harvest -> 979893388; Sea Harvest -> 979893388 -> Oceanfront Oasis Inc Carriers
9345,political_organization,,3,Mar de la Vida OJSC; 979893388; Oceanfront Oasis Inc Carriers,1,14,14,0,0,3,3,10,9,0,Mar de la Vida OJSC -> 9345 [membership]; 979893388 -> 9345 [ownership]; Oceanfront Oasis Inc Carriers -> 979893388 -> 9345 [ownership -> ownership],106.709,0,3151,0.0336,0.0001,379,11,0,4,1,0,3,10,9,,9345 -> Mar de la Vida OJSC; 9345 -> 979893388; 9345 -> 979893388 -> Oceanfront Oasis Inc Carriers
25851337,organization,,3,979893388; Oceanfront Oasis Inc Carriers; 8327,1,11,11,0,0,8,0,11,0,1,979893388 -> 25851337 [membership]; Oceanfront Oasis Inc Carriers -> 979893388 -> 25851337 [ownership -> membership]; 8327 -> 160 -> 25851337 [membership -> membership],104.809,0,3151,0.0336,0.0001,353,16,0,4,1,0,0,11,0,,25851337 -> 979893388 -> 9345 -> Mar de la Vida OJSC; 25851337 -> 979893388; 25851337 -> 979893388 -> Oceanfront Oasis Inc Carriers
meridaâ,unknown,,3,Mar de la Vida OJSC; 979893388; Oceanfront Oasis Inc Carriers,1,8,8,0,0,3,0,0,8,2,979893388 -> meridaâ [family_relationship]; Mar de la Vida OJSC -> b8567859-bf54-49fd-8332-5775e19c65af -> meridaâ [family_relationship -> family_relationship]; Oceanfront Oasis Inc Carriers -> 979893388 -> meridaâ [ownership -> family_relationship],104.309,0,3151,0.0336,0.0001,409,13,0,4,1,0,0,0,8,,meridaâ -> b8567859-bf54-49fd-8332-5775e19c65af -> Mar de la Vida OJSC; meridaâ -> 979893388; meridaâ -> 979893388 -> Oceanfront Oasis Inc Carriers
âU,unknown,,3,979893388; Oceanfront Oasis Inc Carriers; 8327,1,11,11,0,0,7,4,5,2,1,979893388 -> âU [membership]; Oceanfront Oasis Inc Carriers -> 979893388 -> âU [ownership -> membership]; 8327 -> 435054320 -> âU [membership -> ownership],103.709,0,3151,0.0336,0.0001,358,14,0,4,1,0,4,5,2,,âU -> 43685541 -> b8567859-bf54-49fd-8332-5775e19c65af -> Mar de la Vida OJSC; âU -> 979893388; âU -> 979893388 -> Oceanfront Oasis Inc Carriers
âCompliance,unknown,,3,Mar de la Vida OJSC; 979893388; Oceanfront Oasis Inc Carriers,1,4,4,0,0,2,0,0,2,0,979893388 -> âCompliance [family_relationship]; Mar de la Vida OJSC -> b8567859-bf54-49fd-8332-5775e19c65af -> âCompliance [family_relationship -> family_relationship]; Oceanfront Oasis Inc Carriers -> 979893388 -> âCompliance [ownership -> family_relationship],103.509,0,3151,0.0336,0.0001,409,14,0,4,1,0,0,0,2,,âCompliance -> b8567859-bf54-49fd-8332-5775e19c65af -> Mar de la Vida OJSC; âCompliance -> 979893388; âCompliance -> 979893388 -> Oceanfront Oasis Inc Carriers
Joshua Garrett,person,Arreciviento,2,979893388; Oceanfront Oasis Inc Carriers,1,4,4,0,0,4,3,1,0,0,979893388 -> Joshua Garrett [ownership]; Oceanfront Oasis Inc Carriers -> 979893388 -> Joshua Garrett [ownership -> ownership],103.209,0,3151,0.0336,0.0001,376,15,0,4,1,0,3,1,0,,Joshua Garrett -> 903311212 -> FishEye International -> Mar de la Vida OJSC; Joshua Garrett -> 979893388; Joshua Garrett -> 979893388 -> Oceanfront Oasis Inc Carriers
4356,organization,,2,979893388; Oceanfront Oasis Inc Carriers,1,17,17,0,1,8,4,8,7,0,979893388 -> 4356 [membership]; Oceanfront Oasis Inc Carriers -> 979893388 -> 4356 [ownership -> membership],103.009,0,3151,0.0336,0.0001,321,14,0,4,1,0,4,8,7,,4356 -> 6731 -> b8567859-bf54-49fd-8332-5775e19c65af -> Mar de la Vida OJSC; 4356 -> 979893388; 4356 -> 979893388 -> Oceanfront Oasis Inc Carriers
FishEye International,organization,,4,Mar de la Vida OJSC; 979893388; Oceanfront Oasis Inc Carriers; 8327,1,23,24,0,3,5,1,23,3,2,Mar de la Vida OJSC -> FishEye International [membership]; Oceanfront Oasis Inc Carriers -> FishEye International [membership]; 8327 -> Seabreeze Foods Ltd. Corporation United -> FishEye International [ownership -> membership],101.009,0,3151,0.0336,0.0001,279,12,0,4,1,0,1,23,3,,FishEye International -> Mar de la Vida OJSC; FishEye International -> Oceanfront Oasis Inc Carriers -> 979893388; FishEye International -> Oceanfront Oasis Inc Carriers
Lake Tanganyika Sea AS Shipping,unknown,,2,979893388; Oceanfront Oasis Inc Carriers,1,20,20,0,2,9,6,10,4,2,979893388 -> Lake Tanganyika Sea AS Shipping [family_relationship]; Oceanfront Oasis Inc Carriers -> 979893388 -> Lake Tanganyika Sea AS Shipping [ownership -> family_relationship],99.409,0,3151,0.0336,0.0001,300,11,0,4,1,0,6,10,4,,Lake Tanganyika Sea AS Shipping -> 979893388 -> 9345 -> Mar de la Vida OJSC; Lake Tanganyika Sea AS Shipping -> 979893388; Lake Tanganyika Sea AS Shipping -> 979893388 -> Oceanfront Oasis Inc Carriers
HMS Montrose,vessel,,3,Mar de la Vida OJSC; 979893388; 8327,2,7,7,2,0,1,3,1,0,1,"Mar de la Vida OJSC -> b8567859-bf54-49fd-8332-5775e19c65af -> HMS Montrose [family_relationship -> ownership]; 8327 -> 7505050 -> HMS Montrose [membership -> membership]; 979893388 -> SeaSpray Wave SRL Solutions -> HMS Montrose [family_relationship, membership -> partnership]",98.909,0,3151,0.0336,0.0001,383,10,0,4,2,2,3,1,0,,HMS Montrose -> b8567859-bf54-49fd-8332-5775e19c65af -> Mar de la Vida OJSC; HMS Montrose -> 17c99d9d-7049-4ebb-8a2a-f3d39cc42870 -> 979893388; HMS Montrose -> 17c99d9d-7049-4ebb-8a2a-f3d39cc42870 -> 979893388 -> Oceanfront Oasis Inc Carriers
98,unknown,,3,Mar de la Vida OJSC; 979893388; Oceanfront Oasis Inc Carriers,2,4,4,0,0,3,0,0,0,0,Mar de la Vida OJSC -> b8567859-bf54-49fd-8332-5775e19c65af -> 98 [family_relationship -> family_relationship]; Oceanfront Oasis Inc Carriers -> 2262 -> 98 [family_relationship -> family_relationship]; 979893388 -> b8567859-bf54-49fd-8332-5775e19c65af -> 98 [family_relationship -> family_relationship],97.809,0,3151,0.0336,0.0001,448,9,0,4,2,0,0,0,0,,98 -> b8567859-bf54-49fd-8332-5775e19c65af -> Mar de la Vida OJSC; 98 -> b8567859-bf54-49fd-8332-5775e19c65af -> 979893388; 98 -> 2262 -> Oceanfront Oasis Inc Carriers
58623386,organization,,4,Mar de la Vida OJSC; 979893388; Oceanfront Oasis Inc Carriers; 8327,2,15,16,0,0,9,2,6,3,3,Mar de la Vida OJSC -> FishEye International -> 58623386 [membership -> membership]; Oceanfront Oasis Inc Carriers -> FishEye International -> 58623386 [membership -> membership]; 8327 -> Seabreeze Foods Ltd. Corporation United -> 58623386 [ownership -> ownership],97.309,0,3151,0.0336,0.0001,160,2,6,4,2,0,2,6,3,58623386 -> 958085 -> Madhya Pradesh Market BV -> 58623386; 58623386 -> 958085 -> 58623386; 58623386 -> 958085 -> Alicia Lee -> Madhya Pradesh Market BV -> 58623386,58623386 -> FishEye International -> Mar de la Vida OJSC; 58623386 -> Madhya Pradesh Market BV -> 979893388; 58623386 -> FishEye International -> Oceanfront Oasis Inc Carriers
518,organization,,3,Mar de la Vida OJSC; 979893388; Oceanfront Oasis Inc Carriers,2,5,5,0,0,3,1,1,1,0,Mar de la Vida OJSC -> b8567859-bf54-49fd-8332-5775e19c65af -> 518 [family_relationship -> family_relationship]; Oceanfront Oasis Inc Carriers -> 2262 -> 518 [family_relationship -> family_relationship]; 979893388 -> Abigail Foster -> 518 [membership -> ownership],96.509,0,3151,0.0336,0.0001,390,12,0,4,2,0,1,1,1,,518 -> b8567859-bf54-49fd-8332-5775e19c65af -> Mar de la Vida OJSC; 518 -> Abigail Foster -> 979893388; 518 -> 2262 -> Oceanfront Oasis Inc Carriers
cutters,vessel,,2,979893388; 8327,1,6,6,1,0,4,4,2,5,0,8327 -> cutters [ownership]; 979893388 -> 435054320 -> cutters [family_relationship -> ownership],95.709,0,3151,0.0336,0.0001,354,5,0,4,1,1,4,2,5,,cutters -> 341411 -> b8567859-bf54-49fd-8332-5775e19c65af -> Mar de la Vida OJSC; cutters -> 435054320 -> 979893388; cutters -> 435054320 -> 979893388 -> Oceanfront Oasis Inc Carriers
9979944,organization,,2,979893388; Oceanfront Oasis Inc Carriers,1,10,10,1,0,1,0,10,3,0,979893388 -> 9979944 [membership]; Oceanfront Oasis Inc Carriers -> 979893388 -> 9979944 [ownership -> membership],95.609,0,3151,0.0336,0.0001,287,11,0,4,1,1,0,10,3,,9979944 -> 979893388 -> 9345 -> Mar de la Vida OJSC; 9979944 -> 979893388; 9979944 -> 979893388 -> Oceanfront Oasis Inc Carriers
Federated,unknown,,3,Mar de la Vida OJSC; 979893388; Oceanfront Oasis Inc Carriers,2,18,19,1,2,5,11,6,1,2,Mar de la Vida OJSC -> FishEye International -> Federated [membership -> membership]; Oceanfront Oasis Inc Carriers -> FishEye International -> Federated [membership -> membership]; 979893388 -> sh rn y Corporation -> Federated [partnership -> ownership],95.309,0,3151,0.0336,0.0001,323,6,0,4,2,1,11,6,1,,Federated -> FishEye International -> Mar de la Vida OJSC; Federated -> Mar del Oeste Pic -> 979893388; Federated -> FishEye International -> Oceanfront Oasis Inc Carriers
425887173,organization,,3,Mar de la Vida OJSC; 979893388; Oceanfront Oasis Inc Carriers,2,11,11,1,2,2,0,2,1,0,Mar de la Vida OJSC -> b8567859-bf54-49fd-8332-5775e19c65af -> 425887173 [family_relationship -> family_relationship]; Oceanfront Oasis Inc Carriers -> 2262 -> 425887173 [family_relationship -> family_relationship]; 979893388 -> Andrea Gibson -> 425887173 [membership -> membership],94.109,0,3151,0.0336,0.0001,398,7,0,4,2,1,0,2,1,,425887173 -> b8567859-bf54-49fd-8332-5775e19c65af -> Mar de la Vida OJSC; 425887173 -> b8567859-bf54-49fd-8332-5775e19c65af -> 979893388; 425887173 -> 2262 -> Oceanfront Oasis Inc Carriers
Stephanie Wiley,person,Country_271835,3,979893388; Oceanfront Oasis Inc Carriers; 8327,1,13,13,1,0,3,0,5,4,0,979893388 -> Stephanie Wiley [membership]; Oceanfront Oasis Inc Carriers -> 979893388 -> Stephanie Wiley [ownership -> membership]; 8327 -> Calvin Salas -> Stephanie Wiley [partnership -> family_relationship],93.909,0,3151,0.0336,0.0001,302,10,0,4,1,1,0,5,4,,Stephanie Wiley -> Calvin Salas -> b8567859-bf54-49fd-8332-5775e19c65af -> Mar de la Vida OJSC; Stephanie Wiley -> 979893388; Stephanie Wiley -> 979893388 -> Oceanfront Oasis Inc Carriers
30041,organization,,2,979893388; Oceanfront Oasis Inc Carriers,1,19,19,0,0,13,3,0,7,0,979893388 -> 30041 [partnership]; Oceanfront Oasis Inc Carriers -> 979893388 -> 30041 [ownership -> partnership],93.509,0,3151,0.0336,0.0001,293,12,0,4,1,0,3,0,7,,30041 -> 979893388 -> 9345 -> Mar de la Vida OJSC; 30041 -> 979893388; 30041 -> 979893388 -> Oceanfront Oasis Inc Carriers
Tshikwea Corp Marine sanctuary,company,Marebak,3,Mar de la Vida OJSC; 979893388; 8327,2,12,13,1,1,7,0,8,4,0,Mar de la Vida OJSC -> b8567859-bf54-49fd-8332-5775e19c65af -> Tshikwea Corp Marine sanctuary [family_relationship -> membership]; 8327 -> water -> Tshikwea Corp Marine sanctuary [membership -> partnership]; 979893388 -> 665 -> Tshikwea Corp Marine sanctuary [partnership -> membership],92.909,0,3151,0.0336,0.0001,237,8,2,4,2,1,0,8,4,Tshikwea Corp Marine sanctuary -> water -> Tshikwea Corp Marine sanctuary; Tshikwea Corp Marine sanctuary -> water -> 519994690 -> Tshikwea Corp Marine sanctuary,Tshikwea Corp Marine sanctuary -> b8567859-bf54-49fd-8332-5775e19c65af -> Mar de la Vida OJSC; Tshikwea Corp Marine sanctuary -> b8567859-bf54-49fd-8332-5775e19c65af -> 979893388; Tshikwea Corp Marine sanctuary -> b8567859-bf54-49fd-8332-5775e19c65af -> 979893388 -> Oceanfront Oasis Inc Carriers
Lisa Ward,person,Nalakond,2,979893388; Oceanfront Oasis Inc Carriers,1,12,12,1,0,3,0,6,9,0,979893388 -> Lisa Ward [membership]; Oceanfront Oasis Inc Carriers -> 979893388 -> Lisa Ward [ownership -> membership],91.909,0,3151,0.0336,0.0001,262,10,0,4,1,1,0,6,9,,Lisa Ward -> 979893388 -> 9345 -> Mar de la Vida OJSC; Lisa Ward -> 979893388; Lisa Ward -> 979893388 -> Oceanfront Oasis Inc Carriers
7548555,organization,,2,979893388; Oceanfront Oasis Inc Carriers,1,5,5,3,0,1,1,3,2,1,979893388 -> 7548555 [family_relationship]; Oceanfront Oasis Inc Carriers -> 979893388 -> 7548555 [ownership -> family_relationship],90.509,0,3151,0.0336,0.0001,237,10,0,4,1,3,1,3,2,,7548555 -> 979893388 -> 9345 -> Mar de la Vida OJSC; 7548555 -> 979893388; 7548555 -> 979893388 -> Oceanfront Oasis Inc Carriers
Jessica Figueroa DDS,person,Country_271835,2,979893388; Oceanfront Oasis Inc Carriers,1,10,10,1,0,3,0,5,5,0,979893388 -> Jessica Figueroa DDS [membership]; Oceanfront Oasis Inc Carriers -> 979893388 -> Jessica Figueroa DDS [ownership -> membership],90.209,0,3151,0.0336,0.0001,262,10,0,4,1,1,0,5,5,,Jessica Figueroa DDS -> 979893388 -> 9345 -> Mar de la Vida OJSC; Jessica Figueroa DDS -> 979893388; Jessica Figueroa DDS -> 979893388 -> Oceanfront Oasis Inc Carriers
Ryan Lewis,person,Country_271835,2,979893388; Oceanfront Oasis Inc Carriers,1,8,8,1,0,3,0,4,5,0,979893388 -> Ryan Lewis [membership]; Oceanfront Oasis Inc Carriers -> 979893388 -> Ryan Lewis [ownership -> membership],89.709,0,3151,0.0336,0.0001,262,10,0,4,1,1,0,4,5,,Ryan Lewis -> 979893388 -> 9345 -> Mar de la Vida OJSC; Ryan Lewis -> 979893388; Ryan Lewis -> 979893388 -> Oceanfront Oasis Inc Carriers
4348721,organization,,2,979893388; Oceanfront Oasis Inc Carriers,1,7,7,1,0,3,0,0,3,0,979893388 -> 4348721 [family_relationship]; Oceanfront Oasis Inc Carriers -> 979893388 -> 4348721 [ownership -> family_relationship],89.309,0,3151,0.0336,0.0001,274,11,0,4,1,1,0,0,3,,4348721 -> 979893388 -> 9345 -> Mar de la Vida OJSC; 4348721 -> 979893388; 4348721 -> 979893388 -> Oceanfront Oasis Inc Carriers
ROBYN BECK,unknown,,2,979893388; Oceanfront Oasis Inc Carriers,1,7,7,0,1,2,7,0,4,1,979893388 -> ROBYN BECK [ownership]; Oceanfront Oasis Inc Carriers -> 979893388 -> ROBYN BECK [ownership -> ownership],88.609,0,3151,0.0336,0.0001,245,10,0,4,1,0,7,0,4,,ROBYN BECK -> 979893388 -> 9345 -> Mar de la Vida OJSC; ROBYN BECK -> 979893388; ROBYN BECK -> 979893388 -> Oceanfront Oasis Inc Carriers
Mary Horton,person,Country_271835,3,979893388; Oceanfront Oasis Inc Carriers; 8327,1,5,5,0,0,2,0,0,2,0,979893388 -> Mary Horton [family_relationship]; Oceanfront Oasis Inc Carriers -> 979893388 -> Mary Horton [ownership -> family_relationship]; 8327 -> 435054320 -> Mary Horton [membership -> family_relationship],88.509,0,3151,0.0336,0.0001,299,10,0,4,1,0,0,0,2,,Mary Horton -> 979893388 -> 9345 -> Mar de la Vida OJSC; Mary Horton -> 979893388; Mary Horton -> 979893388 -> Oceanfront Oasis Inc Carriers
e1d7b4ac-ed31-42a4-9375-4afb0f78f276,location,,3,979893388; Oceanfront Oasis Inc Carriers; 8327,1,3,3,0,0,2,0,0,1,0,979893388 -> e1d7b4ac-ed31-42a4-9375-4afb0f78f276 [family_relationship]; Oceanfront Oasis Inc Carriers -> 979893388 -> e1d7b4ac-ed31-42a4-9375-4afb0f78f276 [ownership -> family_relationship]; 8327 -> 435054320 -> e1d7b4ac-ed31-42a4-9375-4afb0f78f276 [membership -> family_relationship],87.209,0,3151,0.0336,0.0001,289,10,0,4,1,0,0,0,1,,e1d7b4ac-ed31-42a4-9375-4afb0f78f276 -> 979893388 -> 9345 -> Mar de la Vida OJSC; e1d7b4ac-ed31-42a4-9375-4afb0f78f276 -> 979893388; e1d7b4ac-ed31-42a4-9375-4afb0f78f276 -> 979893388 -> Oceanfront Oasis Inc Carriers
Kristin Jones,person,Country_271835,3,979893388; Oceanfront Oasis Inc Carriers; 8327,1,2,2,0,0,2,2,0,2,0,979893388 -> Kristin Jones [ownership]; Oceanfront Oasis Inc Carriers -> 979893388 -> Kristin Jones [ownership -> ownership]; 8327 -> 7505050 -> Kristin Jones [membership -> ownership],86.909,0,3151,0.0336,0.0001,259,11,0,4,1,0,2,0,2,,Kristin Jones -> 7505050 -> b8567859-bf54-49fd-8332-5775e19c65af -> Mar de la Vida OJSC; Kristin Jones -> 979893388; Kristin Jones -> 979893388 -> Oceanfront Oasis Inc Carriers
9590898,organization,,2,979893388; Oceanfront Oasis Inc Carriers,1,5,5,0,0,4,4,1,0,0,979893388 -> 9590898 [ownership]; Oceanfront Oasis Inc Carriers -> 979893388 -> 9590898 [ownership -> ownership],85.409,0,3151,0.0336,0.0001,241,10,0,4,1,0,4,1,0,,9590898 -> 979893388 -> 9345 -> Mar de la Vida OJSC; 9590898 -> 979893388; 9590898 -> 979893388 -> Oceanfront Oasis Inc Carriers
83,organization,,3,Mar de la Vida OJSC; 979893388; Oceanfront Oasis Inc Carriers,2,17,18,0,1,8,5,3,4,3,Mar de la Vida OJSC -> FishEye International -> 83 [membership -> membership]; Oceanfront Oasis Inc Carriers -> FishEye International -> 83 [membership -> membership]; 979893388 -> 9786 -> 83 [partnership -> family_relationship],84.909,0,3151,0.0336,0.0001,197,5,2,4,2,0,5,3,4,83 -> 28 -> 83; 83 -> 23777 -> 28 -> 83,83 -> FishEye International -> Mar de la Vida OJSC; 83 -> 9786 -> 979893388; 83 -> FishEye International -> Oceanfront Oasis Inc Carriers
13d79d632036,unknown,,2,979893388; Oceanfront Oasis Inc Carriers,1,3,3,0,0,1,3,0,1,0,979893388 -> 13d79d632036 [ownership]; Oceanfront Oasis Inc Carriers -> 979893388 -> 13d79d632036 [ownership -> ownership],84.309,0,3151,0.0336,0.0001,239,10,0,4,1,0,3,0,1,,13d79d632036 -> 979893388 -> 9345 -> Mar de la Vida OJSC; 13d79d632036 -> 979893388; 13d79d632036 -> 979893388 -> Oceanfront Oasis Inc Carriers
Coast,vessel,,3,Mar de la Vida OJSC; 979893388; 8327,1,19,19,5,0,5,7,5,8,0,8327 -> Coast [ownership]; Mar de la Vida OJSC -> Ancla Azul Company Solutions -> Coast [membership -> family_relationship]; 979893388 -> 435054320 -> Coast [family_relationship -> ownership],83.809,0,3151,0.0336,0.0001,130,3,0,4,1,5,7,5,8,,Coast -> Ancla Azul Company Solutions -> Mar de la Vida OJSC; Coast -> 435054320 -> 979893388; Coast -> 435054320 -> 979893388 -> Oceanfront Oasis Inc Carriers
Lake Mweru A/S Carriers,unknown,,3,Mar de la Vida OJSC; 979893388; Oceanfront Oasis Inc Carriers,2,5,5,0,2,2,1,4,0,2,"Mar de la Vida OJSC -> FishEye International -> Lake Mweru A/S Carriers [membership -> membership]; Oceanfront Oasis Inc Carriers -> FishEye International -> Lake Mweru A/S Carriers [membership -> membership]; 979893388 -> Mar del Oeste Pic -> Lake Mweru A/S Carriers [family_relationship, membership, ownership -> membership]",78.809,0,3151,0.0336,0.0001,271,5,0,4,2,0,1,4,0,,Lake Mweru A/S Carriers -> FishEye International -> Mar de la Vida OJSC; Lake Mweru A/S Carriers -> Mar del Oeste Pic -> 979893388; Lake Mweru A/S Carriers -> FishEye International -> Oceanfront Oasis Inc Carriers
Congo Rapids  Marine sanctuary GmbH & Co. KG Marine sanctuary,company,Country_271835,3,Mar de la Vida OJSC; 979893388; Oceanfront Oasis Inc Carriers,2,4,4,0,0,3,0,1,0,1,Mar de la Vida OJSC -> b8567859-bf54-49fd-8332-5775e19c65af -> Congo Rapids  Marine sanctuary GmbH & Co. KG Marine sanctuary [family_relationship -> family_relationship]; Oceanfront Oasis Inc Carriers -> FishEye International -> Congo Rapids  Marine sanctuary GmbH & Co. KG Marine sanctuary [membership -> membership]; 979893388 -> b8567859-bf54-49fd-8332-5775e19c65af -> Congo Rapids  Marine sanctuary GmbH & Co. KG Marine sanctuary [family_relationship -> family_relationship],68.509,0,3151,0.0336,0.0001,210,3,0,4,2,0,0,1,0,,Congo Rapids  Marine sanctuary GmbH & Co. KG Marine sanctuary -> b8567859-bf54-49fd-8332-5775e19c65af -> Mar de la Vida OJSC; Congo Rapids  Marine sanctuary GmbH & Co. KG Marine sanctuary -> b8567859-bf54-49fd-8332-5775e19c65af -> 979893388; Congo Rapids  Marine sanctuary GmbH & Co. KG Marine sanctuary -> FishEye International -> Oceanfront Oasis Inc Carriers
5ede75fe-f670-4a59-b693-da34e7f6eb47,location,,3,Mar de la Vida OJSC; 979893388; 8327,2,7,7,1,0,2,2,3,1,0,Mar de la Vida OJSC -> âHe -> 5ede75fe-f670-4a59-b693-da34e7f6eb47 [membership -> ownership]; 8327 -> water -> 5ede75fe-f670-4a59-b693-da34e7f6eb47 [membership -> ownership]; 979893388 -> Kelly Brown -> 5ede75fe-f670-4a59-b693-da34e7f6eb47 [partnership -> membership],62.709,0,3151,0.0336,0.0001,75,6,0,4,2,1,2,3,1,,5ede75fe-f670-4a59-b693-da34e7f6eb47 -> âHe -> Mar de la Vida OJSC; 5ede75fe-f670-4a59-b693-da34e7f6eb47 -> Kelly Brown -> 979893388; 5ede75fe-f670-4a59-b693-da34e7f6eb47 -> Kelly Brown -> 979893388 -> Oceanfront Oasis Inc Carriers
Conduct Joint,unknown,,4,Mar de la Vida OJSC; 979893388; Oceanfront Oasis Inc Carriers; 8327,2,4,4,0,0,3,3,1,0,1,Mar de la Vida OJSC -> FishEye International -> Conduct Joint [membership -> membership]; Oceanfront Oasis Inc Carriers -> FishEye International -> Conduct Joint [membership -> membership]; 8327 -> 435054320 -> Conduct Joint [membership -> ownership],57.409,0,3151,0.0336,0.0001,98,1,0,4,2,0,3,1,0,,Conduct Joint -> FishEye International -> Mar de la Vida OJSC; Conduct Joint -> 435054320 -> 979893388; Conduct Joint -> FishEye International -> Oceanfront Oasis Inc Carriers
Yu gan BV Investment,unknown,,4,Mar de la Vida OJSC; 979893388; Oceanfront Oasis Inc Carriers; 8327,2,16,16,0,0,7,7,1,12,3,Mar de la Vida OJSC -> FishEye International -> Yu gan BV Investment [membership -> membership]; Oceanfront Oasis Inc Carriers -> FishEye International -> Yu gan BV Investment [membership -> membership]; 8327 -> âIllegal -> Yu gan BV Investment [membership -> partnership],55.509,0,3151,0.0336,0.0001,25,0,0,4,2,0,7,1,12,,Yu gan BV Investment -> FishEye International -> Mar de la Vida OJSC; Yu gan BV Investment -> 6471708 -> 979893388; Yu gan BV Investment -> FishEye International -> Oceanfront Oasis Inc Carriers
Turkish Sword Ltd Export,company,Country_271835,3,Mar de la Vida OJSC; 979893388; Oceanfront Oasis Inc Carriers,2,3,3,0,1,1,2,1,0,1,Mar de la Vida OJSC -> FishEye International -> Turkish Sword Ltd Export [membership -> membership]; Oceanfront Oasis Inc Carriers -> FishEye International -> Turkish Sword Ltd Export [membership -> membership]; 979893388 -> Maria Mitchell -> Turkish Sword Ltd Export [partnership -> ownership],50.209,0,3151,0.0336,0.0001,33,1,0,4,2,0,2,1,0,,Turkish Sword Ltd Export -> FishEye International -> Mar de la Vida OJSC; Turkish Sword Ltd Export -> Maria Mitchell -> 979893388; Turkish Sword Ltd Export -> FishEye International -> Oceanfront Oasis Inc Carriers
