entity,type,fishhook_anomaly_score,component_id,component_size,component_vessel_ratio,vessel_ratio_delta,family_edges_1_2_hop,political_nodes_1_2_hop,short_cycle_count,connected_suspect_count,min_suspect_distance,vessel_links,ownership_edges,membership_edges,high_weight_edges,cycle_examples,suspect_path_examples
Ocean Fisheries Llc,unknown,519.909,0,3151,0.0336,0.0001,1455,74,12,4,1,11,96,168,64,Ocean Fisheries Llc -> png xi  Line -> SeaSpray Wave SRL Solutions -> Ocean Fisheries Llc; Ocean Fisheries Llc -> png xi  Line -> SeaSpray Wave SRL Solutions -> 903311212 -> Ocean Fisheries Llc; Ocean Fisheries Llc -> png xi  Line -> SeaSpray Wave SRL Solutions -> Ocean Fisheries Llc,Ocean Fisheries Llc -> âHe -> Mar de la Vida OJSC; Ocean Fisheries Llc -> 979893388; Ocean Fisheries Llc -> 979893388 -> Oceanfront Oasis Inc Carriers
png xi  Line,company,514.509,0,3151,0.0336,0.0001,1554,74,12,4,1,10,93,148,60,png xi  Line -> Kariba Dam  Corporation Nautical -> 6 -> png xi  Line; png xi  Line -> SeaSpray Wave SRL Solutions -> Ocean Fisheries Llc -> png xi  Line; png xi  Line -> SeaSpray Wave SRL Solutions -> Ocean Fisheries Llc -> png xi  Line,png xi  Line -> b8567859-bf54-49fd-8332-5775e19c65af -> Mar de la Vida OJSC; png xi  Line -> 979893388; png xi  Line -> 979893388 -> Oceanfront Oasis Inc Carriers
SeaSpray Wave SRL Solutions,unknown,504.309,0,3151,0.0336,0.0001,1501,73,10,4,1,9,98,156,62,SeaSpray Wave SRL Solutions -> Ocean Fisheries Llc -> png xi  Line -> SeaSpray Wave SRL Solutions; SeaSpray Wave SRL Solutions -> Ocean Fisheries Llc -> png xi  Line -> SeaSpray Wave SRL Solutions; SeaSpray Wave SRL Solutions -> Ocean Fisheries Llc -> Jeremy Norris -> SeaSpray Wave SRL Solutions,SeaSpray Wave SRL Solutions -> b8567859-bf54-49fd-8332-5775e19c65af -> Mar de la Vida OJSC; SeaSpray Wave SRL Solutions -> 979893388; SeaSpray Wave SRL Solutions -> 979893388 -> Oceanfront Oasis Inc Carriers
903311212,organization,497.309,0,3151,0.0336,0.0001,1378,68,11,4,1,12,85,168,70,903311212 -> Mar del Oeste Pic -> 55394387 -> 762165 -> 903311212; 903311212 -> Mar del Oeste Pic -> 55394387 -> 762165 -> 903311212; 903311212 -> Ocean Fisheries Llc -> png xi  Line -> SeaSpray Wave SRL Solutions -> 903311212,903311212 -> FishEye International -> Mar de la Vida OJSC; 903311212 -> 979893388; 903311212 -> FishEye International -> Oceanfront Oasis Inc Carriers
Mar del Oeste Pic,company,444.009,0,3151,0.0336,0.0001,1426,75,2,4,1,9,79,150,67,Mar del Oeste Pic -> 55394387 -> 762165 -> 903311212 -> Mar del Oeste Pic; Mar del Oeste Pic -> 55394387 -> 762165 -> 903311212 -> Mar del Oeste Pic,Mar del Oeste Pic -> b8567859-bf54-49fd-8332-5775e19c65af -> Mar de la Vida OJSC; Mar del Oeste Pic -> 979893388; Mar del Oeste Pic -> 8787 -> Oceanfront Oasis Inc Carriers
341411,organization,342.609,0,3151,0.0336,0.0001,1415,62,0,4,2,4,38,82,65,,341411 -> b8567859-bf54-49fd-8332-5775e19c65af -> Mar de la Vida OJSC; 341411 -> Faroe Islands Shrimp Shark -> 979893388; 341411 -> Faroe Islands Shrimp Shark -> 979893388 -> Oceanfront Oasis Inc Carriers
Faroe Islands Shrimp Shark,company,330.009,0,3151,0.0336,0.0001,1340,63,3,4,1,3,28,60,48,Faroe Islands Shrimp Shark -> 34 -> Sonia Fisheries Pvt -> b8567859-bf54-49fd-8332-5775e19c65af -> Faroe Islands Shrimp Shark; Faroe Islands Shrimp Shark -> 34 -> Dana Goodwin -> 19 -> Faroe Islands Shrimp Shark; Faroe Islands Shrimp Shark -> 34 -> Dana Goodwin -> Faroe Islands Shrimp Shark,Faroe Islands Shrimp Shark -> b8567859-bf54-49fd-8332-5775e19c65af -> Mar de la Vida OJSC; Faroe Islands Shrimp Shark -> 979893388; Faroe Islands Shrimp Shark -> 979893388 -> Oceanfront Oasis Inc Carriers
Playa del Cielo Kga,company,308.809,0,3151,0.0336,0.0001,1220,46,1,4,2,4,53,64,49,Playa del Cielo Kga -> periods years -> Playa del Cielo Kga,Playa del Cielo Kga -> b8567859-bf54-49fd-8332-5775e19c65af -> Mar de la Vida OJSC; Playa del Cielo Kga -> Faroe Islands Shrimp Shark -> 979893388; Playa del Cielo Kga -> 2262 -> Oceanfront Oasis Inc Carriers
b8567859-bf54-49fd-8332-5775e19c65af,location,282.409,0,3151,0.0336,0.0001,1184,61,1,4,1,7,9,42,29,b8567859-bf54-49fd-8332-5775e19c65af -> Faroe Islands Shrimp Shark -> 34 -> Sonia Fisheries Pvt -> b8567859-bf54-49fd-8332-5775e19c65af,b8567859-bf54-49fd-8332-5775e19c65af -> Mar de la Vida OJSC; b8567859-bf54-49fd-8332-5775e19c65af -> 979893388; b8567859-bf54-49fd-8332-5775e19c65af -> 979893388 -> Oceanfront Oasis Inc Carriers
Sonia Fisheries Pvt,unknown,277.709,0,3151,0.0336,0.0001,1112,46,4,4,1,2,29,42,24,Sonia Fisheries Pvt -> b8567859-bf54-49fd-8332-5775e19c65af -> Faroe Islands Shrimp Shark -> 34 -> Sonia Fisheries Pvt; Sonia Fisheries Pvt -> April -> Sonia Fisheries Pvt; Sonia Fisheries Pvt -> McLeanâs -> ffc679cd-57ac-4846-b023-8be73ca754fa -> Sonia Fisheries Pvt,Sonia Fisheries Pvt -> b8567859-bf54-49fd-8332-5775e19c65af -> Mar de la Vida OJSC; Sonia Fisheries Pvt -> 979893388; Sonia Fisheries Pvt -> 8787 -> Oceanfront Oasis Inc Carriers
c01c6a10-60c9-4f11-9409-aa04c3963826,location,251.809,0,3151,0.0336,0.0001,760,27,13,4,1,0,25,12,41,c01c6a10-60c9-4f11-9409-aa04c3963826 -> Luis Jones -> 17232 -> 57 -> c01c6a10-60c9-4f11-9409-aa04c3963826; c01c6a10-60c9-4f11-9409-aa04c3963826 -> Luis Jones -> 57 -> 51 -> c01c6a10-60c9-4f11-9409-aa04c3963826; c01c6a10-60c9-4f11-9409-aa04c3963826 -> Luis Jones -> 57 -> Ms. Stephanie Rivera DDS -> c01c6a10-60c9-4f11-9409-aa04c3963826,c01c6a10-60c9-4f11-9409-aa04c3963826 -> Faroe Islands Shrimp Shark -> b8567859-bf54-49fd-8332-5775e19c65af -> Mar de la Vida OJSC; c01c6a10-60c9-4f11-9409-aa04c3963826 -> 979893388; c01c6a10-60c9-4f11-9409-aa04c3963826 -> 979893388 -> Oceanfront Oasis Inc Carriers
ad8fe467-3759-4f53-bf6a-896a237d187f,location,251.509,0,3151,0.0336,0.0001,895,35,12,4,1,1,6,16,16,ad8fe467-3759-4f53-bf6a-896a237d187f -> days -> Benton Ltd. Liability Co -> 90 -> ad8fe467-3759-4f53-bf6a-896a237d187f; ad8fe467-3759-4f53-bf6a-896a237d187f -> days -> sh rn y Corporation -> 90 -> ad8fe467-3759-4f53-bf6a-896a237d187f; ad8fe467-3759-4f53-bf6a-896a237d187f -> days -> ninety -> 90 -> ad8fe467-3759-4f53-bf6a-896a237d187f,ad8fe467-3759-4f53-bf6a-896a237d187f -> Faroe Islands Shrimp Shark -> b8567859-bf54-49fd-8332-5775e19c65af -> Mar de la Vida OJSC; ad8fe467-3759-4f53-bf6a-896a237d187f -> 979893388; ad8fe467-3759-4f53-bf6a-896a237d187f -> 979893388 -> Oceanfront Oasis Inc Carriers
Amanda Mckenzie,person,250.009,0,3151,0.0336,0.0001,1222,47,0,4,1,2,10,22,36,,Amanda Mckenzie -> b8567859-bf54-49fd-8332-5775e19c65af -> Mar de la Vida OJSC; Amanda Mckenzie -> 979893388; Amanda Mckenzie -> 979893388 -> Oceanfront Oasis Inc Carriers
160,organization,246.509,0,3151,0.0336,0.0001,943,47,0,4,1,4,42,27,21,,160 -> 47679 -> b8567859-bf54-49fd-8332-5775e19c65af -> Mar de la Vida OJSC; 160 -> 34 -> 979893388; 160 -> 34 -> 979893388 -> Oceanfront Oasis Inc Carriers
Spanish Shrimp  Carriers,company,243.709,0,3151,0.0336,0.0001,1066,48,1,4,2,1,14,41,26,Spanish Shrimp  Carriers -> l y S.A. de C.V. International -> 59 -> 143129355 -> Spanish Shrimp  Carriers,Spanish Shrimp  Carriers -> Ancla Azul Company Solutions -> Mar de la Vida OJSC; Spanish Shrimp  Carriers -> Faroe Islands Shrimp Shark -> 979893388; Spanish Shrimp  Carriers -> 2262 -> Oceanfront Oasis Inc Carriers
3506021,organization,232.309,0,3151,0.0336,0.0001,1016,43,4,4,2,0,10,25,14,3506021 -> 13015105 -> Sea Products -> 3506021; 3506021 -> 13015105 -> 3506021; 3506021 -> ba0514a3-9c57-4b04-a7c5-89fc0463fdda -> 6780 -> 60197861 -> 3506021,3506021 -> b8567859-bf54-49fd-8332-5775e19c65af -> Mar de la Vida OJSC; 3506021 -> Faroe Islands Shrimp Shark -> 979893388; 3506021 -> 2262 -> Oceanfront Oasis Inc Carriers
435054320,organization,228.109,0,3151,0.0336,0.0001,963,34,0,4,1,9,23,23,14,,435054320 -> SeaSpray Wave SRL Solutions -> b8567859-bf54-49fd-8332-5775e19c65af -> Mar de la Vida OJSC; 435054320 -> 979893388; 435054320 -> 979893388 -> Oceanfront Oasis Inc Carriers
Estrella de Coral Ltd. Corporation Logistics,unknown,224.409,0,3151,0.0336,0.0001,1013,32,1,4,1,0,14,35,36,Estrella de Coral Ltd. Corporation Logistics -> âdegradedâ -> Mario Richardson -> Estrella de Coral Ltd. Corporation Logistics,Estrella de Coral Ltd. Corporation Logistics -> Faroe Islands Shrimp Shark -> b8567859-bf54-49fd-8332-5775e19c65af -> Mar de la Vida OJSC; Estrella de Coral Ltd. Corporation Logistics -> 979893388; Estrella de Coral Ltd. Corporation Logistics -> 979893388 -> Oceanfront Oasis Inc Carriers
47679,organization,221.509,0,3151,0.0336,0.0001,946,42,4,4,2,0,22,8,5,47679 -> 995899 -> 47249 -> 829 -> 47679; 47679 -> 995899 -> 23399545 -> 829 -> 47679; 47679 -> 995899 -> 829 -> 47679,47679 -> b8567859-bf54-49fd-8332-5775e19c65af -> Mar de la Vida OJSC; 47679 -> Faroe Islands Shrimp Shark -> 979893388; 47679 -> 2262 -> Oceanfront Oasis Inc Carriers
2262,organization,221.209,0,3151,0.0336,0.0001,1030,49,0,4,1,0,11,15,20,,2262 -> b8567859-bf54-49fd-8332-5775e19c65af -> Mar de la Vida OJSC; 2262 -> Faroe Islands Shrimp Shark -> 979893388; 2262 -> Oceanfront Oasis Inc Carriers
Dana Goodwin,person,217.009,0,3151,0.0336,0.0001,701,23,12,4,1,2,4,14,7,Dana Goodwin -> 19 -> Faroe Islands Shrimp Shark -> 34 -> Dana Goodwin; Dana Goodwin -> Faroe Islands Shrimp Shark -> 34 -> Dana Goodwin; Dana Goodwin -> 98703 -> 34 -> Dana Goodwin,Dana Goodwin -> Faroe Islands Shrimp Shark -> b8567859-bf54-49fd-8332-5775e19c65af -> Mar de la Vida OJSC; Dana Goodwin -> 979893388; Dana Goodwin -> 979893388 -> Oceanfront Oasis Inc Carriers
sh rn y Corporation,unknown,214.209,0,3151,0.0336,0.0001,693,21,13,4,1,0,6,5,14,sh rn y Corporation -> days -> Benton Ltd. Liability Co -> 5421 -> sh rn y Corporation; sh rn y Corporation -> days -> Benton Ltd. Liability Co -> 822596165 -> sh rn y Corporation; sh rn y Corporation -> days -> Benton Ltd. Liability Co -> 90 -> sh rn y Corporation,sh rn y Corporation -> SeaSpray Wave SRL Solutions -> b8567859-bf54-49fd-8332-5775e19c65af -> Mar de la Vida OJSC; sh rn y Corporation -> 979893388; sh rn y Corporation -> 979893388 -> Oceanfront Oasis Inc Carriers
6731,organization,212.009,0,3151,0.0336,0.0001,963,42,0,4,1,1,14,20,13,,6731 -> b8567859-bf54-49fd-8332-5775e19c65af -> Mar de la Vida OJSC; 6731 -> 979893388; 6731 -> 979893388 -> Oceanfront Oasis Inc Carriers
49,organization,202.209,0,3151,0.0336,0.0001,828,29,6,4,1,0,5,16,3,49 -> 75471 -> Samuel Stokes -> 49; 49 -> d7f220de-bba2-4965-9c15-3dd38ef5c3c7 -> fisheriesâ -> Uttar Pradesh Sp -> 49; 49 -> d7f220de-bba2-4965-9c15-3dd38ef5c3c7 -> fisheriesâ -> 49,49 -> b8567859-bf54-49fd-8332-5775e19c65af -> Mar de la Vida OJSC; 49 -> 979893388; 49 -> 979893388 -> Oceanfront Oasis Inc Carriers
days,movement,198.309,0,3151,0.0336,0.0001,516,17,12,4,1,0,12,11,26,days -> Benton Ltd. Liability Co -> 5421 -> days; days -> Benton Ltd. Liability Co -> 5421 -> 90 -> days; days -> Benton Ltd. Liability Co -> 5421 -> Pez Dorado BV Logistics -> days,days -> 979893388 -> 9345 -> Mar de la Vida OJSC; days -> 979893388; days -> 979893388 -> Oceanfront Oasis Inc Carriers
months,movement,193.409,0,3151,0.0336,0.0001,862,33,0,4,1,2,11,20,15,,months -> b8567859-bf54-49fd-8332-5775e19c65af -> Mar de la Vida OJSC; months -> 979893388; months -> 979893388 -> Oceanfront Oasis Inc Carriers
57,political_organization,193.309,0,3151,0.0336,0.0001,503,19,12,4,1,0,10,3,25,57 -> Luis Jones -> 17232 -> 57; 57 -> Luis Jones -> 17232 -> Derek Burke -> 57; 57 -> Luis Jones -> 57,57 -> Faroe Islands Shrimp Shark -> b8567859-bf54-49fd-8332-5775e19c65af -> Mar de la Vida OJSC; 57 -> 979893388; 57 -> 979893388 -> Oceanfront Oasis Inc Carriers
34,organization,191.809,0,3151,0.0336,0.0001,585,26,9,4,1,0,8,12,9,34 -> Sonia Fisheries Pvt -> b8567859-bf54-49fd-8332-5775e19c65af -> Faroe Islands Shrimp Shark -> 34; 34 -> Dana Goodwin -> 19 -> Faroe Islands Shrimp Shark -> 34; 34 -> Dana Goodwin -> Faroe Islands Shrimp Shark -> 34,34 -> d4947401-8ec7-48b9-a66f-45d983d59e0a -> 9345 -> Mar de la Vida OJSC; 34 -> 979893388; 34 -> 979893388 -> Oceanfront Oasis Inc Carriers
Forwading S.A. de C.V.,unknown,187.609,0,3151,0.0336,0.0001,917,32,0,4,1,1,7,12,10,,Forwading S.A. de C.V. -> b8567859-bf54-49fd-8332-5775e19c65af -> Mar de la Vida OJSC; Forwading S.A. de C.V. -> 979893388; Forwading S.A. de C.V. -> 979893388 -> Oceanfront Oasis Inc Carriers
Derek Burke,person,187.409,0,3151,0.0336,0.0001,585,30,7,4,1,0,8,2,31,Derek Burke -> 57 -> Luis Jones -> 17232 -> Derek Burke; Derek Burke -> 57 -> Luis Jones -> f2aee915-d483-4823-a030-9aac5e44c1fe -> Derek Burke; Derek Burke -> 57 -> 17232 -> Derek Burke,Derek Burke -> 979893388 -> 9345 -> Mar de la Vida OJSC; Derek Burke -> 979893388; Derek Burke -> 979893388 -> Oceanfront Oasis Inc Carriers
23,organization,182.309,0,3151,0.0336,0.0001,809,35,1,4,1,1,7,7,10,23 -> 34 -> Dana Goodwin -> Turkish Sword Buoy Incorporated Forwading -> 23,23 -> SeaSpray Wave SRL Solutions -> b8567859-bf54-49fd-8332-5775e19c65af -> Mar de la Vida OJSC; 23 -> 979893388; 23 -> 979893388 -> Oceanfront Oasis Inc Carriers
750975,organization,179.109,0,3151,0.0336,0.0001,851,35,0,4,1,1,3,9,8,,750975 -> b8567859-bf54-49fd-8332-5775e19c65af -> Mar de la Vida OJSC; 750975 -> 979893388; 750975 -> 979893388 -> Oceanfront Oasis Inc Carriers
7691,organization,178.509,0,3151,0.0336,0.0001,719,23,3,4,2,4,5,22,7,7691 -> 629 -> 43685541 -> 7691; 7691 -> Sierra Smith -> 629 -> 43685541 -> 7691; 7691 -> 185040354 -> 77b46bc7-7e31-41a0-973c-e633011d21b0 -> 43685541 -> 7691,7691 -> b8567859-bf54-49fd-8332-5775e19c65af -> Mar de la Vida OJSC; 7691 -> Faroe Islands Shrimp Shark -> 979893388; 7691 -> Faroe Islands Shrimp Shark -> 979893388 -> Oceanfront Oasis Inc Carriers
April,event,176.909,0,3151,0.0336,0.0001,784,29,1,4,1,0,10,16,5,April -> Sonia Fisheries Pvt -> April,April -> b8567859-bf54-49fd-8332-5775e19c65af -> Mar de la Vida OJSC; April -> 979893388; April -> 979893388 -> Oceanfront Oasis Inc Carriers
665,organization,176.209,0,3151,0.0336,0.0001,709,33,1,4,1,1,10,11,16,665 -> Derek Burke -> 277983365 -> Ocean Fisheries Llc -> 665,665 -> Ocean Fisheries Llc -> âHe -> Mar de la Vida OJSC; 665 -> 979893388; 665 -> 979893388 -> Oceanfront Oasis Inc Carriers
7298083,organization,175.409,0,3151,0.0336,0.0001,750,35,0,4,2,2,7,19,10,,7298083 -> Faroe Islands Shrimp Shark -> b8567859-bf54-49fd-8332-5775e19c65af -> Mar de la Vida OJSC; 7298083 -> Faroe Islands Shrimp Shark -> 979893388; 7298083 -> 2262 -> Oceanfront Oasis Inc Carriers
Erica Hamilton,person,169.409,0,3151,0.0336,0.0001,352,14,12,4,1,0,7,11,6,Erica Hamilton -> 1354 -> 982519647 -> Erica Hamilton; Erica Hamilton -> 1354 -> 923825740 -> Erica Hamilton; Erica Hamilton -> 1354 -> Erica Hamilton,Erica Hamilton -> 979893388 -> 9345 -> Mar de la Vida OJSC; Erica Hamilton -> 979893388; Erica Hamilton -> 979893388 -> Oceanfront Oasis Inc Carriers
Calvin Salas,person,164.009,0,3151,0.0336,0.0001,861,26,0,4,1,0,2,2,5,,Calvin Salas -> b8567859-bf54-49fd-8332-5775e19c65af -> Mar de la Vida OJSC; Calvin Salas -> SeaSpray Wave SRL Solutions -> 979893388; Calvin Salas -> SeaSpray Wave SRL Solutions -> 979893388 -> Oceanfront Oasis Inc Carriers
f21800ca-b3c9-404b-8438-3d75ea84c409,location,162.809,0,3151,0.0336,0.0001,768,31,0,4,1,0,5,4,5,,f21800ca-b3c9-404b-8438-3d75ea84c409 -> Faroe Islands Shrimp Shark -> b8567859-bf54-49fd-8332-5775e19c65af -> Mar de la Vida OJSC; f21800ca-b3c9-404b-8438-3d75ea84c409 -> 979893388; f21800ca-b3c9-404b-8438-3d75ea84c409 -> 979893388 -> Oceanfront Oasis Inc Carriers
14bda3bb-9993-4265-97cc-1747808c144e,location,162.509,0,3151,0.0336,0.0001,762,26,0,4,1,1,2,13,8,,14bda3bb-9993-4265-97cc-1747808c144e -> Faroe Islands Shrimp Shark -> b8567859-bf54-49fd-8332-5775e19c65af -> Mar de la Vida OJSC; 14bda3bb-9993-4265-97cc-1747808c144e -> 979893388; 14bda3bb-9993-4265-97cc-1747808c144e -> 979893388 -> Oceanfront Oasis Inc Carriers
4,organization,161.809,0,3151,0.0336,0.0001,731,27,1,4,1,1,5,4,4,4 -> 262157542 -> 4,4 -> Faroe Islands Shrimp Shark -> b8567859-bf54-49fd-8332-5775e19c65af -> Mar de la Vida OJSC; 4 -> 979893388; 4 -> 979893388 -> Oceanfront Oasis Inc Carriers
7505050,organization,159.409,0,3151,0.0336,0.0001,680,21,0,4,1,3,13,11,6,,7505050 -> b8567859-bf54-49fd-8332-5775e19c65af -> Mar de la Vida OJSC; 7505050 -> Ocean Fisheries Llc -> 979893388; 7505050 -> Ocean Fisheries Llc -> 979893388 -> Oceanfront Oasis Inc Carriers
John Gonzalez,person,155.709,0,3151,0.0336,0.0001,746,29,0,4,1,0,1,5,3,,John Gonzalez -> 9345 -> Mar de la Vida OJSC; John Gonzalez -> 979893388; John Gonzalez -> 979893388 -> Oceanfront Oasis Inc Carriers
Seafood,unknown,153.309,0,3151,0.0336,0.0001,726,26,0,4,1,0,4,6,3,,Seafood -> Faroe Islands Shrimp Shark -> b8567859-bf54-49fd-8332-5775e19c65af -> Mar de la Vida OJSC; Seafood -> 979893388; Seafood -> 979893388 -> Oceanfront Oasis Inc Carriers
1560,organization,151.809,0,3151,0.0336,0.0001,401,16,8,4,1,0,11,0,0,1560 -> 47249 -> 23399545 -> 829 -> 1560; 1560 -> 47249 -> 829 -> 995899 -> 1560; 1560 -> 47249 -> 829 -> 1560,1560 -> Seabreeze Foods Ltd. Corporation United -> FishEye International -> Mar de la Vida OJSC; 1560 -> 979893388; 1560 -> 979893388 -> Oceanfront Oasis Inc Carriers
196159,organization,149.509,0,3151,0.0336,0.0001,658,31,0,4,1,0,3,1,7,,196159 -> b8567859-bf54-49fd-8332-5775e19c65af -> Mar de la Vida OJSC; 196159 -> 979893388; 196159 -> 979893388 -> Oceanfront Oasis Inc Carriers
9067,organization,148.309,0,3151,0.0336,0.0001,661,26,0,4,1,0,4,9,3,,9067 -> SeaSpray Wave SRL Solutions -> b8567859-bf54-49fd-8332-5775e19c65af -> Mar de la Vida OJSC; 9067 -> 979893388; 9067 -> 979893388 -> Oceanfront Oasis Inc Carriers
Sept,unknown,145.109,0,3151,0.0336,0.0001,611,22,0,4,1,0,7,14,7,,Sept -> Ocean Fisheries Llc -> âHe -> Mar de la Vida OJSC; Sept -> 979893388; Sept -> 979893388 -> Oceanfront Oasis Inc Carriers
9,organization,143.609,0,3151,0.0336,0.0001,655,27,0,4,1,0,4,0,1,,9 -> Mar del Oeste Pic -> b8567859-bf54-49fd-8332-5775e19c65af -> Mar de la Vida OJSC; 9 -> 979893388; 9 -> 979893388 -> Oceanfront Oasis Inc Carriers
23990411,organization,142.409,0,3151,0.0336,0.0001,639,19,0,4,1,1,4,11,4,,23990411 -> Faroe Islands Shrimp Shark -> b8567859-bf54-49fd-8332-5775e19c65af -> Mar de la Vida OJSC; 23990411 -> 979893388; 23990411 -> 979893388 -> Oceanfront Oasis Inc Carriers
40213337,organization,141.509,0,3151,0.0336,0.0001,542,13,0,4,1,6,11,9,7,,40213337 -> 58623386 -> FishEye International -> Mar de la Vida OJSC; 40213337 -> Mar del Oeste Pic -> 979893388; 40213337 -> 58623386 -> FishEye International -> Oceanfront Oasis Inc Carriers
Linda Sherman,person,137.009,0,3151,0.0336,0.0001,573,24,0,4,1,1,1,7,5,,Linda Sherman -> Mar del Oeste Pic -> b8567859-bf54-49fd-8332-5775e19c65af -> Mar de la Vida OJSC; Linda Sherman -> 979893388; Linda Sherman -> 979893388 -> Oceanfront Oasis Inc Carriers
Maria Mitchell,person,136.709,0,3151,0.0336,0.0001,609,23,0,4,1,0,4,4,0,,Maria Mitchell -> Mar del Oeste Pic -> b8567859-bf54-49fd-8332-5775e19c65af -> Mar de la Vida OJSC; Maria Mitchell -> 979893388; Maria Mitchell -> 979893388 -> Oceanfront Oasis Inc Carriers
b1d6e468-f3c5-45f3-90a2-e76b2f329b2d,location,136.309,0,3151,0.0336,0.0001,577,18,0,4,1,0,6,12,8,,b1d6e468-f3c5-45f3-90a2-e76b2f329b2d -> Faroe Islands Shrimp Shark -> b8567859-bf54-49fd-8332-5775e19c65af -> Mar de la Vida OJSC; b1d6e468-f3c5-45f3-90a2-e76b2f329b2d -> 979893388; b1d6e468-f3c5-45f3-90a2-e76b2f329b2d -> 979893388 -> Oceanfront Oasis Inc Carriers
67a59fab-710a-4992-b6d0-d581fd9dceba,location,136.209,0,3151,0.0336,0.0001,530,25,0,4,1,1,8,4,2,,67a59fab-710a-4992-b6d0-d581fd9dceba -> Ocean Fisheries Llc -> âHe -> Mar de la Vida OJSC; 67a59fab-710a-4992-b6d0-d581fd9dceba -> 979893388; 67a59fab-710a-4992-b6d0-d581fd9dceba -> 979893388 -> Oceanfront Oasis Inc Carriers
Abigail Foster,person,133.809,0,3151,0.0336,0.0001,558,18,0,4,1,1,4,9,9,,Abigail Foster -> 518 -> b8567859-bf54-49fd-8332-5775e19c65af -> Mar de la Vida OJSC; Abigail Foster -> 979893388; Abigail Foster -> 979893388 -> Oceanfront Oasis Inc Carriers
8787,organization,132.109,0,3151,0.0336,0.0001,445,22,1,4,1,3,2,5,9,8787 -> 34731154 -> 8787,8787 -> Mar del Oeste Pic -> b8567859-bf54-49fd-8332-5775e19c65af -> Mar de la Vida OJSC; 8787 -> Mar del Oeste Pic -> 979893388; 8787 -> Oceanfront Oasis Inc Carriers
âbracatinga,unknown,131.809,0,3151,0.0336,0.0001,409,13,5,4,1,0,0,5,8,âbracatinga -> Nagaland Sea Ltd. Liability Co & -> John Brown -> âbracatinga; âbracatinga -> Nagaland Sea Ltd. Liability Co & -> 55674 -> 46901627 -> âbracatinga; âbracatinga -> Nagaland Sea Ltd. Liability Co & -> 55674 -> John Brown -> âbracatinga,âbracatinga -> b8567859-bf54-49fd-8332-5775e19c65af -> Mar de la Vida OJSC; âbracatinga -> 979893388; âbracatinga -> 979893388 -> Oceanfront Oasis Inc Carriers
water,vessel,130.809,0,3151,0.0336,0.0001,453,16,3,4,1,0,1,8,6,water -> Tshikwea Corp Marine sanctuary -> water; water -> 519994690 -> Tshikwea Corp Marine sanctuary -> water; water -> 519994690 -> water,water -> b8567859-bf54-49fd-8332-5775e19c65af -> Mar de la Vida OJSC; water -> b8567859-bf54-49fd-8332-5775e19c65af -> 979893388; water -> b8567859-bf54-49fd-8332-5775e19c65af -> 979893388 -> Oceanfront Oasis Inc Carriers
weeks,movement,130.109,0,3151,0.0336,0.0001,521,10,0,4,1,3,12,4,12,,weeks -> 341411 -> b8567859-bf54-49fd-8332-5775e19c65af -> Mar de la Vida OJSC; weeks -> months -> 979893388; weeks -> months -> 979893388 -> Oceanfront Oasis Inc Carriers
Ancla Azul Company Solutions,unknown,128.309,0,3151,0.0336,0.0001,496,14,1,4,1,1,0,14,9,Ancla Azul Company Solutions -> Mar de la Vida OJSC -> Ancla Azul Company Solutions,Ancla Azul Company Solutions -> Mar de la Vida OJSC; Ancla Azul Company Solutions -> Faroe Islands Shrimp Shark -> 979893388; Ancla Azul Company Solutions -> Faroe Islands Shrimp Shark -> 979893388 -> Oceanfront Oasis Inc Carriers
Mitsubishi,unknown,127.609,0,3151,0.0336,0.0001,552,14,1,4,2,0,2,13,5,Mitsubishi -> 76568 -> Mitsubishi,Mitsubishi -> FishEye International -> Mar de la Vida OJSC; Mitsubishi -> png xi  Line -> 979893388; Mitsubishi -> FishEye International -> Oceanfront Oasis Inc Carriers
17c99d9d-7049-4ebb-8a2a-f3d39cc42870,location,126.509,0,3151,0.0336,0.0001,541,20,0,4,1,1,2,2,0,,17c99d9d-7049-4ebb-8a2a-f3d39cc42870 -> HMS Montrose -> b8567859-bf54-49fd-8332-5775e19c65af -> Mar de la Vida OJSC; 17c99d9d-7049-4ebb-8a2a-f3d39cc42870 -> 979893388; 17c99d9d-7049-4ebb-8a2a-f3d39cc42870 -> 979893388 -> Oceanfront Oasis Inc Carriers
3404599,organization,126.009,0,3151,0.0336,0.0001,515,24,0,4,1,0,0,2,5,,3404599 -> b8567859-bf54-49fd-8332-5775e19c65af -> Mar de la Vida OJSC; 3404599 -> 979893388; 3404599 -> 979893388 -> Oceanfront Oasis Inc Carriers
6335187,organization,125.109,0,3151,0.0336,0.0001,498,22,0,4,1,0,4,2,5,,6335187 -> Mar del Oeste Pic -> b8567859-bf54-49fd-8332-5775e19c65af -> Mar de la Vida OJSC; 6335187 -> 979893388; 6335187 -> 979893388 -> Oceanfront Oasis Inc Carriers
Seabreeze Foods Ltd. Corporation United,unknown,123.509,0,3151,0.0336,0.0001,453,22,0,4,1,0,6,5,5,,Seabreeze Foods Ltd. Corporation United -> FishEye International -> Mar de la Vida OJSC; Seabreeze Foods Ltd. Corporation United -> 34 -> 979893388; Seabreeze Foods Ltd. Corporation United -> FishEye International -> Oceanfront Oasis Inc Carriers
William Fernandez,person,122.709,0,3151,0.0336,0.0001,512,15,0,4,1,1,2,6,7,,William Fernandez -> 341411 -> b8567859-bf54-49fd-8332-5775e19c65af -> Mar de la Vida OJSC; William Fernandez -> 979893388; William Fernandez -> 979893388 -> Oceanfront Oasis Inc Carriers
36744944,political_organization,121.709,0,3151,0.0336,0.0001,511,18,0,4,1,0,4,3,1,,36744944 -> d4947401-8ec7-48b9-a66f-45d983d59e0a -> 9345 -> Mar de la Vida OJSC; 36744944 -> 979893388; 36744944 -> 979893388 -> Oceanfront Oasis Inc Carriers
990,organization,121.109,0,3151,0.0336,0.0001,373,16,3,4,1,0,3,3,4,990 -> 34 -> Dana Goodwin -> Turkish Sword Buoy Incorporated Forwading -> 990; 990 -> Dana Goodwin -> Turkish Sword Buoy Incorporated Forwading -> 990; 990 -> Turkish Sword Buoy Incorporated Forwading -> 990,990 -> 979893388 -> 9345 -> Mar de la Vida OJSC; 990 -> 979893388; 990 -> 979893388 -> Oceanfront Oasis Inc Carriers
8814,organization,120.909,0,3151,0.0336,0.0001,457,18,0,4,1,0,1,14,5,,8814 -> FishEye International -> Mar de la Vida OJSC; 8814 -> 979893388; 8814 -> 979893388 -> Oceanfront Oasis Inc Carriers
69150209,organization,120.409,0,3151,0.0336,0.0001,469,21,0,4,1,0,3,0,8,,69150209 -> 979893388 -> 9345 -> Mar de la Vida OJSC; 69150209 -> 979893388; 69150209 -> 979893388 -> Oceanfront Oasis Inc Carriers
ââ,unknown,116.209,0,3151,0.0336,0.0001,443,15,0,4,1,0,7,8,0,,ââ -> 979893388 -> 9345 -> Mar de la Vida OJSC; ââ -> 979893388; ââ -> 979893388 -> Oceanfront Oasis Inc Carriers
947,organization,114.709,0,3151,0.0336,0.0001,457,16,0,4,1,1,2,2,2,,947 -> Ocean Fisheries Llc -> âHe -> Mar de la Vida OJSC; 947 -> 979893388; 947 -> 979893388 -> Oceanfront Oasis Inc Carriers
48,organization,114.109,0,3151,0.0336,0.0001,472,12,0,4,2,1,9,4,2,,48 -> FishEye International -> Mar de la Vida OJSC; 48 -> Faroe Islands Shrimp Shark -> 979893388; 48 -> FishEye International -> Oceanfront Oasis Inc Carriers
9786,organization,113.509,0,3151,0.0336,0.0001,431,17,0,4,1,0,3,0,11,,9786 -> 979893388 -> 9345 -> Mar de la Vida OJSC; 9786 -> 979893388; 9786 -> 979893388 -> Oceanfront Oasis Inc Carriers
98332,organization,112.709,0,3151,0.0336,0.0001,414,16,0,4,1,2,0,6,1,,98332 -> SeaSpray Wave SRL Solutions -> b8567859-bf54-49fd-8332-5775e19c65af -> Mar de la Vida OJSC; 98332 -> 979893388; 98332 -> 979893388 -> Oceanfront Oasis Inc Carriers
672,organization,112.609,0,3151,0.0336,0.0001,288,14,3,4,1,0,4,8,0,672 -> 979893388 -> 5421 -> sh rn y Corporation -> 672; 672 -> 979893388 -> days -> sh rn y Corporation -> 672; 672 -> 979893388 -> 822596165 -> sh rn y Corporation -> 672,672 -> 979893388 -> 9345 -> Mar de la Vida OJSC; 672 -> 979893388; 672 -> 979893388 -> Oceanfront Oasis Inc Carriers
Miranda Long,person,112.409,0,3151,0.0336,0.0001,459,15,0,4,1,0,5,0,0,,Miranda Long -> 979893388 -> 9345 -> Mar de la Vida OJSC; Miranda Long -> 979893388; Miranda Long -> 979893388 -> Oceanfront Oasis Inc Carriers
b1a0ee2a-0e6d-48c2-b639-032e4648fa5c,location,111.309,0,3151,0.0336,0.0001,382,16,0,4,1,0,3,14,0,,b1a0ee2a-0e6d-48c2-b639-032e4648fa5c -> Jon White -> Mar de la Vida OJSC; b1a0ee2a-0e6d-48c2-b639-032e4648fa5c -> 979893388; b1a0ee2a-0e6d-48c2-b639-032e4648fa5c -> 979893388 -> Oceanfront Oasis Inc Carriers
Caribbean,unknown,108.609,0,3151,0.0336,0.0001,336,17,0,4,1,0,6,11,1,,Caribbean -> 979893388 -> 9345 -> Mar de la Vida OJSC; Caribbean -> 979893388; Caribbean -> 979893388 -> Oceanfront Oasis Inc Carriers
Sea Harvest,unknown,107.809,0,3151,0.0336,0.0001,365,11,1,4,1,0,2,7,8,Sea Harvest -> Sea Products -> Sea Harvest,Sea Harvest -> 979893388 -> 9345 -> Mar de la Vida OJSC; Sea Harvest -> 979893388; Sea Harvest -> 979893388 -> Oceanfront Oasis Inc Carriers
9345,political_organization,106.709,0,3151,0.0336,0.0001,379,11,0,4,1,0,3,10,9,,9345 -> Mar de la Vida OJSC; 9345 -> 979893388; 9345 -> 979893388 -> Oceanfront Oasis Inc Carriers
25851337,organization,104.809,0,3151,0.0336,0.0001,353,16,0,4,1,0,0,11,0,,25851337 -> 979893388 -> 9345 -> Mar de la Vida OJSC; 25851337 -> 979893388; 25851337 -> 979893388 -> Oceanfront Oasis Inc Carriers
meridaâ,unknown,104.309,0,3151,0.0336,0.0001,409,13,0,4,1,0,0,0,8,,meridaâ -> b8567859-bf54-49fd-8332-5775e19c65af -> Mar de la Vida OJSC; meridaâ -> 979893388; meridaâ -> 979893388 -> Oceanfront Oasis Inc Carriers
âU,unknown,103.709,0,3151,0.0336,0.0001,358,14,0,4,1,0,4,5,2,,âU -> 43685541 -> b8567859-bf54-49fd-8332-5775e19c65af -> Mar de la Vida OJSC; âU -> 979893388; âU -> 979893388 -> Oceanfront Oasis Inc Carriers
âCompliance,unknown,103.509,0,3151,0.0336,0.0001,409,14,0,4,1,0,0,0,2,,âCompliance -> b8567859-bf54-49fd-8332-5775e19c65af -> Mar de la Vida OJSC; âCompliance -> 979893388; âCompliance -> 979893388 -> Oceanfront Oasis Inc Carriers
Joshua Garrett,person,103.209,0,3151,0.0336,0.0001,376,15,0,4,1,0,3,1,0,,Joshua Garrett -> 903311212 -> FishEye International -> Mar de la Vida OJSC; Joshua Garrett -> 979893388; Joshua Garrett -> 979893388 -> Oceanfront Oasis Inc Carriers
4356,organization,103.009,0,3151,0.0336,0.0001,321,14,0,4,1,0,4,8,7,,4356 -> 6731 -> b8567859-bf54-49fd-8332-5775e19c65af -> Mar de la Vida OJSC; 4356 -> 979893388; 4356 -> 979893388 -> Oceanfront Oasis Inc Carriers
FishEye International,organization,101.009,0,3151,0.0336,0.0001,279,12,0,4,1,0,1,23,3,,FishEye International -> Mar de la Vida OJSC; FishEye International -> Oceanfront Oasis Inc Carriers -> 979893388; FishEye International -> Oceanfront Oasis Inc Carriers
Lake Tanganyika Sea AS Shipping,unknown,99.409,0,3151,0.0336,0.0001,300,11,0,4,1,0,6,10,4,,Lake Tanganyika Sea AS Shipping -> 979893388 -> 9345 -> Mar de la Vida OJSC; Lake Tanganyika Sea AS Shipping -> 979893388; Lake Tanganyika Sea AS Shipping -> 979893388 -> Oceanfront Oasis Inc Carriers
HMS Montrose,vessel,98.909,0,3151,0.0336,0.0001,383,10,0,4,2,2,3,1,0,,HMS Montrose -> b8567859-bf54-49fd-8332-5775e19c65af -> Mar de la Vida OJSC; HMS Montrose -> 17c99d9d-7049-4ebb-8a2a-f3d39cc42870 -> 979893388; HMS Montrose -> 17c99d9d-7049-4ebb-8a2a-f3d39cc42870 -> 979893388 -> Oceanfront Oasis Inc Carriers
98,unknown,97.809,0,3151,0.0336,0.0001,448,9,0,4,2,0,0,0,0,,98 -> b8567859-bf54-49fd-8332-5775e19c65af -> Mar de la Vida OJSC; 98 -> b8567859-bf54-49fd-8332-5775e19c65af -> 979893388; 98 -> 2262 -> Oceanfront Oasis Inc Carriers
58623386,organization,97.309,0,3151,0.0336,0.0001,160,2,6,4,2,0,2,6,3,58623386 -> 958085 -> Madhya Pradesh Market BV -> 58623386; 58623386 -> 958085 -> 58623386; 58623386 -> 958085 -> Alicia Lee -> Madhya Pradesh Market BV -> 58623386,58623386 -> FishEye International -> Mar de la Vida OJSC; 58623386 -> Madhya Pradesh Market BV -> 979893388; 58623386 -> FishEye International -> Oceanfront Oasis Inc Carriers
518,organization,96.509,0,3151,0.0336,0.0001,390,12,0,4,2,0,1,1,1,,518 -> b8567859-bf54-49fd-8332-5775e19c65af -> Mar de la Vida OJSC; 518 -> Abigail Foster -> 979893388; 518 -> 2262 -> Oceanfront Oasis Inc Carriers
cutters,vessel,95.709,0,3151,0.0336,0.0001,354,5,0,4,1,1,4,2,5,,cutters -> 341411 -> b8567859-bf54-49fd-8332-5775e19c65af -> Mar de la Vida OJSC; cutters -> 435054320 -> 979893388; cutters -> 435054320 -> 979893388 -> Oceanfront Oasis Inc Carriers
9979944,organization,95.609,0,3151,0.0336,0.0001,287,11,0,4,1,1,0,10,3,,9979944 -> 979893388 -> 9345 -> Mar de la Vida OJSC; 9979944 -> 979893388; 9979944 -> 979893388 -> Oceanfront Oasis Inc Carriers
Federated,unknown,95.309,0,3151,0.0336,0.0001,323,6,0,4,2,1,11,6,1,,Federated -> FishEye International -> Mar de la Vida OJSC; Federated -> Mar del Oeste Pic -> 979893388; Federated -> FishEye International -> Oceanfront Oasis Inc Carriers
425887173,organization,94.109,0,3151,0.0336,0.0001,398,7,0,4,2,1,0,2,1,,425887173 -> b8567859-bf54-49fd-8332-5775e19c65af -> Mar de la Vida OJSC; 425887173 -> b8567859-bf54-49fd-8332-5775e19c65af -> 979893388; 425887173 -> 2262 -> Oceanfront Oasis Inc Carriers
Stephanie Wiley,person,93.909,0,3151,0.0336,0.0001,302,10,0,4,1,1,0,5,4,,Stephanie Wiley -> Calvin Salas -> b8567859-bf54-49fd-8332-5775e19c65af -> Mar de la Vida OJSC; Stephanie Wiley -> 979893388; Stephanie Wiley -> 979893388 -> Oceanfront Oasis Inc Carriers
30041,organization,93.509,0,3151,0.0336,0.0001,293,12,0,4,1,0,3,0,7,,30041 -> 979893388 -> 9345 -> Mar de la Vida OJSC; 30041 -> 979893388; 30041 -> 979893388 -> Oceanfront Oasis Inc Carriers
Tshikwea Corp Marine sanctuary,company,92.909,0,3151,0.0336,0.0001,237,8,2,4,2,1,0,8,4,Tshikwea Corp Marine sanctuary -> water -> Tshikwea Corp Marine sanctuary; Tshikwea Corp Marine sanctuary -> water -> 519994690 -> Tshikwea Corp Marine sanctuary,Tshikwea Corp Marine sanctuary -> b8567859-bf54-49fd-8332-5775e19c65af -> Mar de la Vida OJSC; Tshikwea Corp Marine sanctuary -> b8567859-bf54-49fd-8332-5775e19c65af -> 979893388; Tshikwea Corp Marine sanctuary -> b8567859-bf54-49fd-8332-5775e19c65af -> 979893388 -> Oceanfront Oasis Inc Carriers
Lisa Ward,person,91.909,0,3151,0.0336,0.0001,262,10,0,4,1,1,0,6,9,,Lisa Ward -> 979893388 -> 9345 -> Mar de la Vida OJSC; Lisa Ward -> 979893388; Lisa Ward -> 979893388 -> Oceanfront Oasis Inc Carriers
7548555,organization,90.509,0,3151,0.0336,0.0001,237,10,0,4,1,3,1,3,2,,7548555 -> 979893388 -> 9345 -> Mar de la Vida OJSC; 7548555 -> 979893388; 7548555 -> 979893388 -> Oceanfront Oasis Inc Carriers
Jessica Figueroa DDS,person,90.209,0,3151,0.0336,0.0001,262,10,0,4,1,1,0,5,5,,Jessica Figueroa DDS -> 979893388 -> 9345 -> Mar de la Vida OJSC; Jessica Figueroa DDS -> 979893388; Jessica Figueroa DDS -> 979893388 -> Oceanfront Oasis Inc Carriers
Ryan Lewis,person,89.709,0,3151,0.0336,0.0001,262,10,0,4,1,1,0,4,5,,Ryan Lewis -> 979893388 -> 9345 -> Mar de la Vida OJSC; Ryan Lewis -> 979893388; Ryan Lewis -> 979893388 -> Oceanfront Oasis Inc Carriers
4348721,organization,89.309,0,3151,0.0336,0.0001,274,11,0,4,1,1,0,0,3,,4348721 -> 979893388 -> 9345 -> Mar de la Vida OJSC; 4348721 -> 979893388; 4348721 -> 979893388 -> Oceanfront Oasis Inc Carriers
ROBYN BECK,unknown,88.609,0,3151,0.0336,0.0001,245,10,0,4,1,0,7,0,4,,ROBYN BECK -> 979893388 -> 9345 -> Mar de la Vida OJSC; ROBYN BECK -> 979893388; ROBYN BECK -> 979893388 -> Oceanfront Oasis Inc Carriers
Mary Horton,person,88.509,0,3151,0.0336,0.0001,299,10,0,4,1,0,0,0,2,,Mary Horton -> 979893388 -> 9345 -> Mar de la Vida OJSC; Mary Horton -> 979893388; Mary Horton -> 979893388 -> Oceanfront Oasis Inc Carriers
e1d7b4ac-ed31-42a4-9375-4afb0f78f276,location,87.209,0,3151,0.0336,0.0001,289,10,0,4,1,0,0,0,1,,e1d7b4ac-ed31-42a4-9375-4afb0f78f276 -> 979893388 -> 9345 -> Mar de la Vida OJSC; e1d7b4ac-ed31-42a4-9375-4afb0f78f276 -> 979893388; e1d7b4ac-ed31-42a4-9375-4afb0f78f276 -> 979893388 -> Oceanfront Oasis Inc Carriers
Kristin Jones,person,86.909,0,3151,0.0336,0.0001,259,11,0,4,1,0,2,0,2,,Kristin Jones -> 7505050 -> b8567859-bf54-49fd-8332-5775e19c65af -> Mar de la Vida OJSC; Kristin Jones -> 979893388; Kristin Jones -> 979893388 -> Oceanfront Oasis Inc Carriers
9590898,organization,85.409,0,3151,0.0336,0.0001,241,10,0,4,1,0,4,1,0,,9590898 -> 979893388 -> 9345 -> Mar de la Vida OJSC; 9590898 -> 979893388; 9590898 -> 979893388 -> Oceanfront Oasis Inc Carriers
83,organization,84.909,0,3151,0.0336,0.0001,197,5,2,4,2,0,5,3,4,83 -> 28 -> 83; 83 -> 23777 -> 28 -> 83,83 -> FishEye International -> Mar de la Vida OJSC; 83 -> 9786 -> 979893388; 83 -> FishEye International -> Oceanfront Oasis Inc Carriers
13d79d632036,unknown,84.309,0,3151,0.0336,0.0001,239,10,0,4,1,0,3,0,1,,13d79d632036 -> 979893388 -> 9345 -> Mar de la Vida OJSC; 13d79d632036 -> 979893388; 13d79d632036 -> 979893388 -> Oceanfront Oasis Inc Carriers
Coast,vessel,83.809,0,3151,0.0336,0.0001,130,3,0,4,1,5,7,5,8,,Coast -> Ancla Azul Company Solutions -> Mar de la Vida OJSC; Coast -> 435054320 -> 979893388; Coast -> 435054320 -> 979893388 -> Oceanfront Oasis Inc Carriers
Lake Mweru A/S Carriers,unknown,78.809,0,3151,0.0336,0.0001,271,5,0,4,2,0,1,4,0,,Lake Mweru A/S Carriers -> FishEye International -> Mar de la Vida OJSC; Lake Mweru A/S Carriers -> Mar del Oeste Pic -> 979893388; Lake Mweru A/S Carriers -> FishEye International -> Oceanfront Oasis Inc Carriers
Congo Rapids  Marine sanctuary GmbH & Co. KG Marine sanctuary,company,68.509,0,3151,0.0336,0.0001,210,3,0,4,2,0,0,1,0,,Congo Rapids  Marine sanctuary GmbH & Co. KG Marine sanctuary -> b8567859-bf54-49fd-8332-5775e19c65af -> Mar de la Vida OJSC; Congo Rapids  Marine sanctuary GmbH & Co. KG Marine sanctuary -> b8567859-bf54-49fd-8332-5775e19c65af -> 979893388; Congo Rapids  Marine sanctuary GmbH & Co. KG Marine sanctuary -> FishEye International -> Oceanfront Oasis Inc Carriers
5ede75fe-f670-4a59-b693-da34e7f6eb47,location,62.709,0,3151,0.0336,0.0001,75,6,0,4,2,1,2,3,1,,5ede75fe-f670-4a59-b693-da34e7f6eb47 -> âHe -> Mar de la Vida OJSC; 5ede75fe-f670-4a59-b693-da34e7f6eb47 -> Kelly Brown -> 979893388; 5ede75fe-f670-4a59-b693-da34e7f6eb47 -> Kelly Brown -> 979893388 -> Oceanfront Oasis Inc Carriers
Conduct Joint,unknown,57.409,0,3151,0.0336,0.0001,98,1,0,4,2,0,3,1,0,,Conduct Joint -> FishEye International -> Mar de la Vida OJSC; Conduct Joint -> 435054320 -> 979893388; Conduct Joint -> FishEye International -> Oceanfront Oasis Inc Carriers
Yu gan BV Investment,unknown,55.509,0,3151,0.0336,0.0001,25,0,0,4,2,0,7,1,12,,Yu gan BV Investment -> FishEye International -> Mar de la Vida OJSC; Yu gan BV Investment -> 6471708 -> 979893388; Yu gan BV Investment -> FishEye International -> Oceanfront Oasis Inc Carriers
Turkish Sword Ltd Export,company,50.209,0,3151,0.0336,0.0001,33,1,0,4,2,0,2,1,0,,Turkish Sword Ltd Export -> FishEye International -> Mar de la Vida OJSC; Turkish Sword Ltd Export -> Maria Mitchell -> 979893388; Turkish Sword Ltd Export -> FishEye International -> Oceanfront Oasis Inc Carriers
